,phrase,label,sentiment,subjectivity,language,count
Japan,,,,,,
Philippinen,,,,,,
Japans,,,,,,
Indonesien,,,,,,
Pazifik,,,,,,
Erde,,,,,,
Flores,,,,,,
Indonesiens,,,,,,
Deutschland,,,,,,
Erdbeben,,,,,,
Erdbeben der Stärke,,,,,,
Tokio,,,,,,
Tsunami-Warnung,,,,,,
Tsunami,,,,,,
Erdbeben auf den Philippinen,,,,,,
Fukushima,,,,,,
Alaska,,,,,,
"Erdbeben der Stärke 7,5",,,,,,
Südinsel,,,,,,
Kokain,,,,,,
Mindanao,,,,,,
Erdbeben vor der Küste,,,,,,
Neuseeland,,,,,,
Sulawesi,,,,,,
Hokkaido,,,,,,
Europa,,,,,,
Insel Mindanao,,,,,,
Venezuela,,,,,,
Bebens,,,,,,
Tsunami-Wellen,,,,,,
Erdbeben in Japan,,,,,,
…,,,,,,
Italiens,,,,,,
Hamburger Hafen,,,,,,
Asien,,,,,,
Frankreich,,,,,,
Nepal,,,,,,
Erdbeben vor der Küste Japans,,,,,,
Pazifischen Feuerring,,,,,,
Provinz Sarangani,,,,,,
"Erdbeben der Stärke 7,4",,,,,,
Molukkensee,,,,,,
Richterskala,,,,,,
Italien,,,,,,
Tsunamiwellen,,,,,,
Erdbeben vor Tsunami,,,,,,
China,,,,,,
Küste,,,,,,
Kamtschatka,,,,,,
Landes,,,,,,
Pazifischen Ozean,,,,,,
Aceh,,,,,,
"Erdbeben der Stärke 7,1",,,,,,
Mecklenburg-Vorpommern,,,,,,
Kyushu,,,,,,
Atomkraftwerk Fukushima Daiichi,,,,,,
Sri Lanka,,,,,,
Südostasien,,,,,,
Japans Küste,,,,,,
Erschütterungen,,,,,,
"Erdbeben der Stärke 7,7",,,,,,
Gebiet,,,,,,
Kollaps,,,,,,
Hamburg,,,,,,
Tsunamis,,,,,,
Ukraine,,,,,,
Tsunami-Gefahr,,,,,,
Land,,,,,,
Thailand,,,,,,
Caracas,,,,,,
Neuseelands,,,,,,
Smartphone-Markt,,,,,,
Absatzvolumens,,,,,,
Guatemala,,,,,,
Grönland,,,,,,
Fukushima-GAU,,,,,,
Insel Sulawesi,,,,,,
Tsunami-Katastrophe,,,,,,
Mittelmeer,,,,,,
3D.,,,,,,
Palaus,,,,,,
Taiwans,,,,,,
Eiffelturm,,,,,,
Mega-Tsunami,,,,,,
Schäden,,,,,,
Präfektur Iwate,,,,,,
Nordjapan,,,,,,
Erdbeben vor der Küste des Inselstaats,,,,,,
Nordostjapan,,,,,,
Blumenerde-Laster,,,,,,
Millionenwert,,,,,,
Digos,,,,,,
Winschoterdiep-Kanal,,,,,,
Niederlanden,,,,,,
Straße von Hormus,,,,,,
Kumamoto,,,,,,
Kalabriens,,,,,,
Schweres Erdbeben vor der Küste Indonesiens,,,,,,
Busch,,,,,,
Spanien,,,,,,
"Erdbeben der Stärke 6,2",,,,,,
Himalaya-Grenzgebiet,,,,,,
Präfektur Shimane,,,,,,
Präfektur Aomori,,,,,,
Insel Honshu,,,,,,
Seebeben,,,,,,
Europas,,,,,,
Crans-Montana,,,,,,
Russland,,,,,,
Flughafen,,,,,,
Kalenderblatt,,,,,,
Flores-Insel,,,,,,
Mallorca,,,,,,
Behördenangaben,,,,,,
na…,,,,,,
Kamatsch…,,,,,,
Gebäuden,,,,,,
Notstand,,,,,,
Tiroler,,,,,,
Russlands,,,,,,
Richter-Skala,,,,,,
Sachsen-Anhalt,,,,,,
Lida,,,,,,
Oceanogràfic,,,,,,
Valencia,,,,,,
Neuwahlen,,,,,,
Marina,,,,,,
Echo,,,,,,
"Erdbeben der Stärke 7,7 vor der indonesischen Insel",,,,,,
Iran,,,,,,
Israel,,,,,,
General Santos City,,,,,,
Erdbeben vor den Philippinen,,,,,,
Santos City,,,,,,
Surf-Meisterschaften,,,,,,
"Erdbeben der Stärke 7,8 auf der Insel Mindanao",,,,,,
Kalifornien,,,,,,
Tsunami-Entwarnung,,,,,,
Tag,,,,,,
El Segundo,,,,,,
Los Angeles County,,,,,,
nan Neuseelands,,,,,,
Tsunami-Warnungen,,,,,,
Nepalis,,,,,,
Aditya Assarats,,,,,,
"Erdbeben der Stärke 7,8 - Tsunami-Warnung",,,,,,
Tyrrhenischen Meer,,,,,,
Republik,,,,,,
Union,,,,,,
Taiwan,,,,,,
Mon…,,,,,,
Stromausfälle,,,,,,
Berlin,,,,,,
AfD-Tsunami,,,,,,
Zentralnepal,,,,,,
Sturzflut,,,,,,
Präfektur Kumam…,,,,,,
"Erdbeben der Stärke 7,8",,,,,,
Erdbeben vor der Insel Kyushu,,,,,,
Himalaja-Tsunami,,,,,,
Mittelmeerinsel,,,,,,
Zugzwang,,,,,,
d…,,,,,,
Erdbeben des laufenden Jahres,,,,,,
Trümmern,,,,,,
Komodo-Nationalpark,,,,,,
Erdbeben in Neuseeland,,,,,,
Touristenzielen,,,,,,
Entenburg,,,,,,
Stockwerken,,,,,,
Krankenhaus-Chef,,,,,,
Insolvenz-Tsunami,,,,,,
Stadt Maumere,,,,,,
Zentrum der Insel,,,,,,
Ortes Ende,,,,,,
Nachbeben,,,,,,
Tsunami-Alarm,,,,,,
Tauchtouristen,,,,,,
Java,,,,,,
Erdbeben vor der zu Indonesien,,,,,,
Mexiko,,,,,,
Erdbeben in Indonesien,,,,,,
Sama…,,,,,,
Kassen,,,,,,
Landes“ – Selenskyj,,,,,,
Erdbeben von 2011 Japan,,,,,,
Erdbeben von 2011,,,,,,
Reaktor-Katastrophe von Fukushima,,,,,,
El Salvador,,,,,,
Pazifische Feuerring,,,,,,
Mexikos,,,,,,
"Erdbeben der Stärke 9,0 Japan",,,,,,
Mega-Erdbeben,,,,,,
Kernkraftwerk Fukushima,,,,,,
Kernkraftwerk Fukushima Daiichi,,,,,,
Maum…,,,,,,
Opferzahl,,,,,,
Atombombe,,,,,,
Balkanhalbinsel,,,,,,
Weihnachtsmarkt,,,,,,
Südwesteuro…,,,,,,
Zielhafen Hamburg,,,,,,
Weltgrößtes Atomkraftwerk,,,,,,
Fukushima Daiichi,,,,,,
MUT-Talk,,,,,,
B…,,,,,,
Kashiwazaki-Kariwa,,,,,,
Rom,,,,,,
Morgen,,,,,,
Eis-Tsunami,,,,,,
Volksrepublik,,,,,,
Peking,,,,,,
Tote,,,,,,
Moskau,,,,,,
Schneemassen,,,,,,
Niigata,,,,,,
Kyodo,,,,,,
Unglücksbar,,,,,,
EVP-Chef,,,,,,
Pleite-Tsunami,,,,,,
Dänemark,,,,,,
Wolfgangsee,,,,,,
Gesteinsmassen,,,,,,
St. Gilgen,,,,,,
Flachgau,,,,,,
Bohrkerne,,,,,,
Innenstadt,,,,,,
Starkes Erdbeben,,,,,,
Lichter… Magdeburg,,,,,,
Shoah-Namensmauer,,,,,,
Wiener Ostarrichipark,,,,,,
Sumatra,,,,,,
s…,,,,,,
Südostasiens,,,,,,
Tropensturm,,,,,,
Nasa-Satellit,,,,,,
Titisee,,,,,,
Dresdens Sportchef-Suche stockt,,,,,,
Erdbeben vor Japan,,,,,,
Erdbeben v…,,,,,,
Naturkatastrophe,,,,,,
"Erdbeben der Stärke 7,6Tsunami-Warnung",,,,,,
Starkes Erdbeben vor der Küste,,,,,,
Sicherheitsüberprüfungen,,,,,,
Sicherheits…,,,,,,
Erdbeben vor Hokkaido,,,,,,
Evakuierungen,,,,,,
Tsunami-Warnstufe,,,,,,
T…,,,,,,
Capcom,,,,,,
"Erdbeben der Stufe 7,5 vor der Küste",,,,,,
Präfektur Aomori…,,,,,,
Starkbebenarchiv,,,,,,
Magdeburg,,,,,,
Berg,,,,,,
See,,,,,,
Indien,,,,,,
Karussell,,,,,,
Schweres Erdbeben,,,,,,
"Erdbeben der Stärke 7,4 vor der indonesischen Insel",,,,,,
Portugal,,,,,,
Live-Streaming,,,,,,
Erdbeben vor Küste Japans,,,,,,
"Japans
",,,,,,
Erdbeben vor Japans,,,,,,
"Erdbeben der Stärke 7,5 ha…",,,,,,
hö…,,,,,,
Mini-Tsunami,,,,,,
Börsenmärkten,,,,,,
Mega-Beben,,,,,,
japanische Regierung,,,,,,
Katastrophe,,,,,,
Kreuzfahrtschiffen,,,,,,
Tiefe,,,,,,
Monsterwelle,,,,,,
Süd-Alaska,,,,,,
U.S.,,,,,,
Flutwelle,,,,,,
Erdrutsch,,,,,,
Alaskas,,,,,,
Gefahr,,,,,,
Hang f…,,,,,,
Tracy-Arm-Fjord,,,,,,
Nord-Sulawesi begrab…,,,,,,
Manado,,,,,,
Tsunam…,,,,,,
Nizza,,,,,,
Milliarden-Fehlinvestitionen,,,,,,
Milliardenhöhe,,,,,,
Tohoku-Region,,,,,,
Bebens vor der Küste,,,,,,
US-Nordwestküste,,,,,,
Hawaii,,,,,,
Schwarze Säcke,,,,,,
Erdbeben – Tsunami,,,,,,
Erdbeben Tsunami Atomunfall,,,,,,
Japaner,,,,,,
Frankreichs Küste,,,,,,
TTS-Player überspringenArtikel weiterlesenNizza,,,,,,
Malaysia,,,,,,
französischen Küste,,,,,,
Babyboomer-Häuser,,,,,,
Kolumne,,,,,,
Babyboomer,,,,,,
Markts für Wohneigentum,,,,,,
Michinoku Coastal Trail,,,,,,
Hachinohe,,,,,,
Honsh,,,,,,
Stößen,,,,,,
Erdbeben vor Indonesien,,,,,,
Sulawesis,,,,,,
Landtag,,,,,,
