day,sentiment_mean,sentiment_std,subjectivity_mean,subjectivity_std,counting
2025-10-21,0.9127330909150934,1.0,-0.47191035854605634,1.0,1.0
2025-10-23,-0.39041158827244854,1.0,-0.7093537271477125,1.0,1.0
2025-10-24,0.28010983651206145,1.0,-0.3953329688859207,1.0,1.0
2025-10-31,-0.7123470729100323,1.0,-0.26186574367717275,1.0,1.0
2025-11-05,-0.39041158827244854,1.0,1.7637238585501493,1.0,1.0
2025-11-07,-1.690448652591956,1.0,-0.3953329688859207,1.0,1.0
2025-11-09,-0.8366319204336022,1.0,-0.26186574367717275,1.0,1.0
2025-11-15,-1.4922589863358218,1.0,,1.0,1.0
2025-11-17,0.1894366556247364,1.0,,1.0,1.0
2025-11-21,0.19835992725512197,1.0,-0.7093537271477125,1.0,1.0
2025-11-25,2.0081828360959197,1.0,-0.31303926382764913,1.0,1.0
2025-12-03,-0.48472720018312077,0.0033230373703350153,2.848220091925385,1.1412401366762936,2.0
2025-12-04,-0.7071067811865477,1.0,,1.0,1.0
2025-12-05,-0.04315857608407003,1.74869274547267,-0.28745250375241094,0.036185143115588285,2.0
2025-12-07,0.7071067811865475,1.0,,1.0,1.0
2025-12-08,-0.08200422246346681,1.2961888830255177,-0.3829890656017407,0.16867024693544463,22.0
2025-12-09,-0.15524870076697123,0.7714842134710838,-0.1745771624514485,0.15118825760355722,5.0
2025-12-11,-0.7071067811865476,1.0,,1.0,1.0
2025-12-12,0.46991670607901065,0.7272583075186636,-0.3305329744821057,0.02473984286376323,5.0
2025-12-15,0.0,1.0,0.0,1.0,1.0
2025-12-18,-0.2167596745741617,0.13286682448897683,-0.30764389754712806,0.04333312175770201,3.0
2025-12-22,-0.55468913655929,1.0986413967595088,-0.45332146485943037,0.23062734244565639,3.0
2025-12-23,-0.7472961115813228,1.0,-0.3887449237534059,1.0,1.0
2025-12-24,0.5401248437926467,0.47234654795486614,-0.25,1.0,2.0
2026-01-06,0.8548560625007332,1.0,-0.3953329688859207,1.0,1.0
2026-01-09,-0.4219594904284635,1.0,-0.35355339059327373,1.0,1.0
2026-01-12,-0.14638481950342797,1.3973371628235887,-0.3887449237534059,1.0,2.0
2026-01-14,-0.0015757515808397426,1.0,-0.31303926382764913,1.0,1.0
2026-01-15,0.8299065519741126,1.0,-0.31303926382764913,1.0,1.0
2026-01-16,0.19308789366503246,1.0,0.2998524797477531,1.0,1.0
2026-01-19,0.3944822429363543,0.9743808007385255,-0.3724722688345757,0.03457127600585713,3.0
2026-01-22,0.19311341394840215,1.5061872825900264,0.6874894673983717,1.5220252722591945,2.0
2026-01-28,0.7871314427826925,1.0,-0.7093537271477125,1.0,1.0
2026-01-29,1.0773547314293777,1.0,-0.26186574367717275,1.0,1.0
2026-02-02,-0.007891064186585799,1.0,-0.47191035854605634,1.0,1.0
2026-02-08,-0.3072150229383753,0.3738584993310793,-0.3235250439383652,0.4575335049049875,2.0
2026-02-19,0.5898849503958471,0.5427179655782431,-0.25,0.0,2.0
2026-02-20,-0.7071067811865475,1.0,0.7071067811865475,1.0,1.0
2026-02-27,-0.10394553209329291,0.13584153124019638,0.8365683628770999,1.1830863246330514,2.0
2026-03-02,-0.7071067811865475,1.0,,1.0,1.0
2026-03-03,-2.213138283058193,1.0,-0.6470500878767304,1.0,1.0
2026-03-06,0.03336201223138859,1.0,-0.26186574367717275,1.0,1.0
2026-03-11,-0.9971748725016678,0.5858441603045275,0.308110078476825,1.5180483214655116,4.0
2026-03-12,-0.0270336163784253,0.5585095272136128,1.060660171779821,1.9999999999999996,2.0
2026-03-15,-0.7644919113574757,1.0,2.19365761499672,1.0,1.0
2026-03-18,-0.09301110401655949,1.0,3.4331328808583916,1.0,1.0
2026-03-19,1.0357190033491006,1.0,2.4100984098575315,1.0,1.0
2026-03-20,0.05655714632357231,0.21152144813142867,-0.319372461876703,0.09810747644124379,2.0
2026-03-23,0.08305398760165976,1.0,1.5319152544329429,1.0,1.0
2026-04-01,0.5851853748583536,0.9948704235558187,-0.3816732997846104,0.03072728976360141,4.0
2026-04-02,-0.1505042461162459,0.6941212522959517,-0.37705349999686577,0.1472459994247005,9.0
2026-04-03,0.37731125536672594,0.11669676937494008,-0.3305329744821057,0.02473984286376323,2.0
2026-04-14,0.030972104763233088,1.807444260398807,0.8055918901877809,1.0,2.0
2026-04-20,0.31784681797506564,1.1170270040068158,0.3034420280445136,1.4821176373156424,21.0
2026-04-21,-0.15492049888943268,0.5310504659338986,0.16921693040946173,0.8958922220163369,3.0
2026-04-27,0.7186432368050688,0.9811414928452994,-0.3700328157281128,0.02555243174196617,5.0
2026-05-07,0.9087986555851476,0.7992003549990382,-0.4521346050081476,0.39279729078878256,3.0
2026-05-08,-0.26496886352709065,1.578936438722438,-0.3499369575725391,0.03788896398403265,3.0
2026-05-11,0.595441220256299,1.4197429546460867,0.6108074728005924,1.2341462982626075,2.0
2026-05-19,-0.8846759738072327,1.0,-0.47191035854605634,1.0,1.0
2026-05-26,-0.3454193909853543,0.5356777976038296,-0.2559328718385864,0.008390347817950249,2.0
2026-06-02,0.8297503894424367,1.1734442541338514,-0.09766648444296033,0.42096397936315444,2.0
2026-06-08,-0.31406126640291854,0.9684045150707593,0.18048755074599027,1.1089579250248176,35.0
2026-06-10,-0.722586672853251,1.0,0.7286700874852008,1.0,1.0
2026-06-14,-0.6089874985760427,1.0,1.2467550473722366,1.0,1.0
2026-06-16,0.05050595059789775,0.8615045405407229,-0.3684300284153863,0.04797635423053691,3.0
2026-06-18,0.6703358807156327,0.052001906146638945,-0.3480266851365623,1.0,2.0
2026-06-19,0.2964885131763837,1.0,1.3515442609338388,1.0,1.0
2026-06-24,1.508582063875826,1.0,-0.25,1.0,1.0
2026-06-25,-0.20603341506248182,0.9537348694276614,0.5698235617471944,1.1761862954117994,2.0
2026-06-26,1.4987970189428241,1.0,-0.31303926382764913,1.0,1.0
2026-06-30,-0.3927574649922804,1.0,2.7757768829780307,1.0,1.0
2026-07-06,0.7071067811865475,1.0,-0.7071067811865475,1.0,1.0
2026-07-09,-0.43270616598199935,1.0,-0.26186574367717275,1.0,1.0
2026-07-14,-1.6238584030443421,1.0,-0.6470500878767304,1.0,1.0
2026-07-16,-0.3096515480887648,0.46072844437779287,-0.3705986765821843,0.028404432348200927,7.0
2026-07-17,1.5361657415472818,1.0,-0.39691785253258904,1.0,1.0
2026-07-19,-0.8719218273079444,1.0,-0.3887449237534059,1.0,1.0
2026-07-20,-0.09301110401655949,1.0,-0.3887449237534059,1.0,1.0
2026-07-21,-0.09301110401655949,1.0,-0.3887449237534059,1.0,1.0
2026-07-26,0.05444282054335404,1.0,4.025822195633747,1.0,1.0
2026-07-28,0.5082571705135059,0.4070516324677068,-0.3167727853442071,0.06627738462851714,4.0
2026-08-15,0.3141771700836387,0.6946818672461054,-0.4046004286592549,0.13032655106489643,15.0
2026-08-16,-0.11731110243695846,0.4308378820526872,-0.3752356215629314,0.030663305099795802,2.0
2026-08-23,-0.0944029356339567,0.9697886944841969,-0.42038268511614063,0.18504405156368642,5.0
2026-08-27,-0.6680448824072905,0.44001589246623934,1.057252398241907,0.00017272582965200433,2.0
2026-08-28,0.7071067811865475,1.0,-0.7071067811865475,1.0,1.0
2026-08-31,0.7998207652750706,1.46362480479361,-0.350790037864918,0.003907970906061334,2.0
2026-09-02,-0.7071067811865475,1.0,0.7071067811865475,1.0,1.0
2026-09-03,-1.980141151870929,1.0,-0.25,1.0,1.0
2026-09-07,0.35497758720223227,1.0,-0.25,1.0,1.0
