0,1,2,3,4,word,summary
3367.0512516392528,0.4033994141665984,-0.005460722537811519,0.0001157376346954675,-0.00014243012879289196,summaryOfAllWords,3040.1992720013895
-5.69924690769237,0.36084152200641406,-0.09295267712529524,-0.005454261399872283,0.0028018472554106055,Doku,3.67613879275922
-5.638292252384924,0.3287613279315371,-0.1072328856634614,-0.005049314274955689,0.0017466328207688397,Atombombe,3.7440340577203672
-5.638292252384924,0.3287613279315371,-0.1072328856634614,-0.005049314274955689,0.0017466328207688397,doku atom+bombe,3.7440340577203672
-5.515412727549563,0.2641425790656027,-0.1350281991248117,-0.004281196624108662,-0.00024700383776996016,fürs,3.8809405694632875
-5.515412727549563,0.2641425790656027,-0.1350281991248117,-0.004281196624108662,-0.00024700383776996016,atom+bombe für,3.8809405694632875
-5.440566755265079,0.2248192796013999,-0.1513400600788757,-0.0038429958399133907,-0.0013793305420410767,Gehirn,3.9643508713566593
-5.440566755265079,0.2248192796013999,-0.1513400600788757,-0.0038429958399133907,-0.0013793305420410767,für gehirn,3.9643508713566593
0.501767494223941,-2.5685198513959446,0.624625112619595,1.4021840762486887e-05,0.002095966183617501,Die,10.56335943265657
-5.314481727603512,0.15864005369174627,-0.17782345511381087,-0.0031518319696700325,-0.003157147518410411,gehirn der,4.104893434928918
-5.227488601256376,0.11302788906103145,-0.19540512010202166,-0.002707167622548891,-0.004295117699391254,Arte-Dokumentation,4.201880868710581
-5.227488601256376,0.11302788906103145,-0.19540512010202166,-0.002707167622548891,-0.004295117699391254,der arte+-+dokumentation,4.201880868710581
-1.6443385070401373,-1.5161224145991157,0.7407775941532544,0.003104651586207742,-0.007011503442263638,Der,8.183675072396548
-4.422884018023069,-0.3068956956566029,-0.3354813173749102,0.00039441301207975357,-0.012053795820970575,arte+-+dokumentation der,5.0993943175901295
-4.07497996756933,-0.4873959056960051,-0.38568962570183574,0.0012901707658550012,-0.01419795636134051,digitale,5.487610918092492
-4.07497996756933,-0.4873959056960051,-0.38568962570183574,0.0012901707658550012,-0.01419795636134051,der digital+e,5.487610918092492
26.340184049125,-15.194555298231943,0.9216523913385966,-0.07921492263620006,0.22804970696723537,Tsunami,39.29229143225457
-1.9541920033775053,-1.5758658381781832,-0.6034414002507855,0.0032511601108732267,-0.017864315025684772,digital+e tsunami,7.854150145204961
-4.07497996756933,-0.4873959056960051,-0.38568962570183574,0.0012901707658550012,-0.01419795636134051,zeigt,5.487610918092492
-4.07497996756933,-0.4873959056960051,-0.38568962570183574,0.0012901707658550012,-0.01419795636134051,tsunami zeig+t,5.487610918092492
-4.7687594071280595,-0.126814691052219,-0.2798137837860388,-0.0007391532594180072,-0.009263197668698216,verstörende,4.713502137398603
-4.7687594071280595,-0.126814691052219,-0.2798137837860388,-0.0007391532594180072,-0.009263197668698216,zeig+t verstörend+e,4.713502137398603
-5.1787163930420865,0.0874733722539407,-0.20502686391503214,-0.0024687167878483345,-0.004903312262031667,Weise,4.256262392022153
-5.1787163930420865,0.0874733722539407,-0.20502686391503214,-0.0024687167878483345,-0.004903312262031667,verstörend+e weise,4.256262392022153
-5.515412727549563,0.2641425790656027,-0.1350281991248117,-0.004281196624108662,-0.00024700383776996016,Big,3.8809405694632875
-5.515412727549563,0.2641425790656027,-0.1350281991248117,-0.004281196624108662,-0.00024700383776996016,weise big,3.8809405694632875
-5.56829949859266,0.29194537800563536,-0.12322370345721657,-0.00460414155025941,0.0005898800742961813,Tech,3.822011214217784
-5.56829949859266,0.29194537800563536,-0.12322370345721657,-0.00460414155025941,0.0005898800742961813,big tech,3.822011214217784
-5.669773057555236,0.34532748170285754,-0.09989970592712051,-0.00525639690758304,0.002285904979307571,Gesellschaft,3.7089671301202443
-5.669773057555236,0.34532748170285754,-0.09989970592712051,-0.00525639690758304,0.002285904979307571,tech gesellschaft,3.7089671301202443
-5.785446744864496,0.4062355101856472,-0.07217013370050561,-0.0060558951285503496,0.004374533199615338,bedrohen,3.58014628343592
-5.785446744864496,0.4062355101856472,-0.07217013370050561,-0.0060558951285503496,0.004374533199615338,gesellschaft bedroh+en,3.58014628343592
-5.857131397713162,0.4440082336492832,-0.054338556591302004,-0.00658357319973096,0.005758485163288807,Haben,3.5003401844558235
-4.19955040655348,-0.42283768418530476,-0.3683250494105422,0.0009948815483875537,-0.01349903176613644,Sie,5.348601514511538
-5.89476821773479,0.46384771578591266,-0.044768698917336695,-0.00687109002084128,0.006514277312262624,hab+en sie,3.4584481973580634
-5.917995170829759,0.4760937454264371,-0.03878943839103953,-0.007052253004082618,0.006991099725700202,jüngst,3.4325984776674323
-5.917995170829759,0.4760937454264371,-0.03878943839103953,-0.007052253004082618,0.006991099725700202,sie jüngst,3.4325984776674323
-5.955530266768653,0.4958871679796948,-0.029005967695639387,-0.007351190638218624,0.007778898211585256,mal,3.3908304311702597
-5.955530266768653,0.4958871679796948,-0.029005967695639387,-0.007351190638218624,0.007778898211585256,jüngst mal,3.3908304311702597
-5.975400865213043,0.5063672785173525,-0.023765196720148332,-0.007512602390265251,0.008204774826829284,versucht,3.3687218103492986
-5.975400865213043,0.5063672785173525,-0.023765196720148332,-0.007512602390265251,0.008204774826829284,mal versuch+t,3.3687218103492986
-4.82493980845918,-0.09750303858334286,-0.27016631589806406,-0.0009494603846745553,-0.008738688691288167,Tag,4.650830603102681
-6.045461296962673,0.5433269556758038,-0.004937663947984602,-0.008099789576802602,0.00975692982027937,versuch+t tag,3.2907872030412486
-6.0934925196012815,0.5686719736125863,0.008294239884542864,-0.008519269538362205,0.010868462884471852,Einfluss,3.2373737807899587
-6.0934925196012815,0.5686719736125863,0.008294239884542864,-0.008519269538362205,0.010868462884471852,tag einflus+s,3.2373737807899587
-4.783289731970031,-0.11923526824352493,-0.2773357395164018,-0.0007927960611022952,-0.009129585425549439,künstlicher,4.697292682464228
-6.135396604421253,0.5907873310978784,0.020061559469288545,-0.008897011235699373,0.011871250009220957,einflus+s künstlich+er,3.1907856244860833
-4.922899609971105,-0.04635205050482849,-0.25290678284461326,-0.0013354113887149473,-0.007771627122206096,Intelligenz,4.54156005866619
-4.922899609971105,-0.04635205050482849,-0.25290678284461326,-0.0013354113887149473,-0.007771627122206096,künstlich+er intelligenz,4.54156005866619
-6.210112721243723,0.6302252250467584,0.04157921997099073,-0.009599108494327002,0.013739598679919432,großen,3.107746605354684
-6.210112721243723,0.6302252250467584,0.04157921997099073,-0.009599108494327002,0.013739598679919432,intelligenz groß+en,3.107746605354684
-6.226187579988581,0.6387106941639964,0.04630126359953102,-0.0097551410813487,0.014155589104962368,Tech-Unternehmen,3.0898862777912015
-6.226187579988581,0.6387106941639964,0.04630126359953102,-0.0097551410813487,0.014155589104962368,groß+en tech+-+unternehmen,3.0898862777912015
-6.26765245378224,0.6605991172403554,0.0586378669866085,-0.010166098087615313,0.01525252922302256,leben,3.043824828220824
-6.26765245378224,0.6605991172403554,0.0586378669866085,-0.010166098087615313,0.01525252922302256,tech+-+unternehmen leb+en,3.043824828220824
-6.280808966903774,0.6675441273188405,0.06260001504544718,-0.010299100160022202,0.015607943488229109,Plötzlich,3.029212666328535
-6.305327473263971,0.6804866461580057,0.07004653842532763,-0.010550399284248037,0.01628000325289916,Google,3.0019851697372726
-6.305327473263971,0.6804866461580057,0.07004653842532763,-0.010550399284248037,0.01628000325289916,plötzlich googel+e,3.0019851697372726
-6.316777872561897,0.6865307904042057,0.07355241116146799,-0.010669314452254372,0.01659826088061407,tabu,2.9892713616702378
-6.316777872561897,0.6865307904042057,0.07355241116146799,-0.010669314452254372,0.01659826088061407,googel+e tabu,2.9892713616702378
-6.333799147831858,0.6955153056485137,0.07879766171395253,-0.01084794610270617,0.017076624456672657,Netflix-Algorithmus,2.970374076826925
-6.333799147831858,0.6955153056485137,0.07879766171395253,-0.01084794610270617,0.017076624456672657,tabu netflix-algorithmu+s,2.970374076826925
-4.988898431803045,-0.011860283598396082,-0.2409534106605424,-0.0016098508575643558,-0.0070807300558419495,neue,4.467946922444434
-6.375058316368188,0.7172919029594573,0.09168207284783206,-0.011290389767661217,0.01826290918617121,netflix-algorithmu+s neu+e,2.9245781745176336
-6.381300184863336,0.7205861034707148,0.09365258534525056,-0.011358513505576769,0.018445744677507064,Serie,2.9176513279784797
-6.381300184863336,0.7205861034707148,0.09365258534525056,-0.011358513505576769,0.018445744677507064,neu+e serie,2.9176513279784797
-6.393309571194746,0.7269239313875901,0.09745984190996845,-0.011490479867553388,0.018800061913306715,+330,2.9043250757150463
-6.393309571194746,0.7269239313875901,0.09745984190996845,-0.011490479867553388,0.018800061913306715,serie +330,2.9043250757150463
1.1019381710713745,-2.8856923009989868,0.43595195088115896,-0.0012946917238741418,0.004532035313768404,chars,11.229859050791703
-6.399090289858595,0.7299745293804107,0.09930000784746976,-0.011554425549927999,0.01897181438850834,+330 chars,2.8979109752720698
-5.8228370554148245,0.42593511360017366,-0.0629330366815814,-0.006327928818904462,0.005087482842459315,Berlin,3.5385172038868458
-5.76951502009544,0.3978433363687248,-0.07606451587297056,-0.005942055361947016,0.004076515491071589,berlin tag,3.5978858113367616
-5.7178844881241275,0.37065367186628184,-0.0885185172813279,-0.00558140826919383,0.0031337303267922334,Macht,3.65538158744056
-5.7178844881241275,0.37065367186628184,-0.0885185172813279,-0.00558140826919383,0.0031337303267922334,tag macht,3.65538158744056
-5.649022972405595,0.3344076548476447,-0.10474323972452047,-0.005119414066912055,0.0019291003962761538,Mossad,3.732080587541462
-5.649022972405595,0.3344076548476447,-0.10474323972452047,-0.005119414066912055,0.0019291003962761538,macht mossad,3.732080587541462
-5.5555919948156856,0.28526375552054817,-0.1260815675661674,-0.004525511249302092,0.0003859364763305756,Meinung,3.8361698945524374
-5.5555919948156856,0.28526375552054817,-0.1260815675661674,-0.004525511249302092,0.0003859364763305756,mossad meinung,3.8361698945524374
-5.424234081727961,0.21624200698277196,-0.1548398741397312,-0.0037502078601852895,-0.0016185990848562523,Moralgewitter,3.9825542904533555
-5.424234081727961,0.21624200698277196,-0.1548398741397312,-0.0037502078601852895,-0.0016185990848562523,meinung moral+gewitter,3.9825542904533555
-0.664544917713048,-2.229957390283555,-0.6865036809552756,0.002618490259277892,-0.015231720735173912,Friedrich,9.29272675707131
-5.097490616158831,0.044943105411903383,-0.2206898669346613,-0.0020880961362638104,-0.0058709451922978745,moral+gewitter friedrich,4.3468386956833704
-0.6880186877417387,-2.218093655994036,-0.6852285546134778,0.002638272418202088,-0.015301516697032141,Merz,9.26654658569452
-0.6880186877417387,-2.218093655994036,-0.6852285546134778,0.002638272418202088,-0.015301516697032141,friedrich merz,9.26654658569452
-4.175218716694271,-0.4354537061993411,-0.3717686571713212,0.0010546967924206715,-0.013641324756355891,Stadtbild-Tsunami,5.375753158258377
-4.175218716694271,-0.4354537061993411,-0.3717686571713212,0.0010546967924206715,-0.013641324756355891,merz stadtbild-tsunami,5.375753158258377
-5.097490616158831,0.044943105411903383,-0.2206898669346613,-0.0020880961362638104,-0.0058709451922978745,stadtbild-tsunami friedrich,4.3468386956833704
-2.359601138991488,-1.3691684987621922,-0.5709662097958363,0.0032227344829519507,-0.018088868376266665,Stadtbild,7.401826374830641
-2.359601138991488,-1.3691684987621922,-0.5709662097958363,0.0032227344829519507,-0.018088868376266665,merz stadt+bild,7.401826374830641
-3.653484306899042,-0.7052657684190877,-0.4398783153302078,0.0021036369692329845,-0.01606217929766051,Designer-Handschuhe,5.957981536129822
-3.653484306899042,-0.7052657684190877,-0.4398783153302078,0.0021036369692329845,-0.01606217929766051,stadt+bild designer+-+hand+schuh+e,5.957981536129822
-4.327974184839045,-0.35619920170483654,-0.3497171919682719,0.0006612289210768188,-0.012699474492932648,Politik,5.205297173312131
-4.327974184839045,-0.35619920170483654,-0.3497171919682719,0.0006612289210768188,-0.012699474492932648,designer+-+hand+schuh+e politik,5.205297173312131
-4.5400722067175785,-0.2459533426421543,-0.31730747082486366,3.9779263525000635e-05,-0.011188269052672013,Catwalk,4.968638949575064
-4.5400722067175785,-0.2459533426421543,-0.31730747082486366,3.9779263525000635e-05,-0.011188269052672013,politik catwalk,4.968638949575064
-4.669465059163165,-0.17857862231446964,-0.2964352876509658,-0.000386180039653166,-0.010139213439226316,Zwischen,4.824275856805111
-4.669465059163165,-0.17857862231446964,-0.2964352876509658,-0.000386180039653166,-0.010139213439226316,catwalk zwischen,4.824275856805111
-4.780296880214297,-0.12079651741668007,-0.27784712062764827,-0.0007817046601453007,-0.009157221562185937,GNTM,4.700631373553538
-4.780296880214297,-0.12079651741668007,-0.27784712062764827,-0.0007817046601453007,-0.009157221562185937,zwischen gntm,4.700631373553538
-4.845950759834979,-0.0865363199887188,-0.2665118353062985,-0.001030149107621215,-0.00853697682648713,politischem,4.6273928134796165
-4.845950759834979,-0.0865363199887188,-0.2665118353062985,-0.001030149107621215,-0.00853697682648713,gntm politisch+em,4.6273928134796165
-4.961503338220352,-0.02618017908138448,-0.2459475567410954,-0.0014944877324320205,-0.007371466794380999,Wahnsinn,4.4985019608500645
-4.961503338220352,-0.02618017908138448,-0.2459475567410954,-0.0014944877324320205,-0.007371466794380999,politisch+em wahnsinn,4.4985019608500645
-5.0679308802913665,0.029474356286664616,-0.22628101334770806,-0.00195452479420841,-0.006209535961040007,medialer,4.379803781502526
-5.0679308802913665,0.029474356286664616,-0.22628101334770806,-0.00195452479420841,-0.006209535961040007,wahnsinn medial+er,4.379803781502526
-5.132618453612665,0.06333184746231857,-0.2139705373223082,-0.0022502250674095864,-0.005459267388413319,Empörung,4.307665745944245
-5.132618453612665,0.06333184746231857,-0.2139705373223082,-0.0022502250674095864,-0.005459267388413319,medial+er empörung,4.307665745944245
-5.191280372282501,0.09405512778387104,-0.20256406755133438,-0.0025294177310292987,-0.004748628982970543,prallen,4.242253031089985
-5.191280372282501,0.09405512778387104,-0.20256406755133438,-0.0025294177310292987,-0.004748628982970543,empörung prall+en,4.242253031089985
-5.239090416033337,0.11910861480393553,-0.19309176436822084,-0.002765018162111565,-0.004147343276340226,Boulevard,4.188945341887781
-5.239090416033337,0.11910861480393553,-0.19309176436822084,-0.002765018162111565,-0.004147343276340226,prall+en boulevard,4.188945341887781
-5.299127400483144,0.150586569062249,-0.18096656544583117,-0.0030714979718903766,-0.003363087824650411,Inszenierung,4.122010695753665
-5.299127400483144,0.150586569062249,-0.18096656544583117,-0.0030714979718903766,-0.003363087824650411,boulevard inszenierung,4.122010695753665
-5.367483358590565,0.18644939834942642,-0.16683883084480816,-0.0034354266453804766,-0.002428952005675153,Diskurs,4.045810082217657
-5.367483358590565,0.18644939834942642,-0.16683883084480816,-0.0034354266453804766,-0.002428952005675153,inszenierung diskurs,4.045810082217657
-4.661564217044724,-0.18269517362975796,-0.2977348894058091,-0.0003590896530750176,-0.010206208187163918,Moral,4.833090453560299
-4.661564217044724,-0.18269517362975796,-0.2977348894058091,-0.0003590896530750176,-0.010206208187163918,diskurs moral,4.833090453560299
-5.444573238337767,0.2269235325035932,-0.1504783148939989,-0.003865909725791955,-0.0013202160022439333,aufeinander,3.959885583956395
-5.444573238337767,0.2269235325035932,-0.1504783148939989,-0.003865909725791955,-0.0013202160022439333,moral aufeinander,3.959885583956395
-5.7450069851943715,0.3849355329610038,-0.08200769197549923,-0.005769302112517291,0.003624655459994422,Und,3.6251767270962976
-6.280808966903774,0.6675441273188405,0.06260001504544718,-0.010299100160022202,0.015607943488229109,sagt,3.029212666328535
-6.280808966903774,0.6675441273188405,0.06260001504544718,-0.010299100160022202,0.015607943488229109,und sag+t,3.029212666328535
-6.28982791922125,0.6723049782431938,0.06532963159397812,-0.010391015084184895,0.01585367586595282,eigentlich,3.0191966565648123
-6.28982791922125,0.6723049782431938,0.06532963159397812,-0.010391015084184895,0.01585367586595282,sag+t eigentlich,3.0191966565648123
-5.414769739287259,0.2112723314766023,-0.15685831571634432,-0.00369689363113199,-0.001755996903462391,größte,3.993102970411771
-6.315172796317551,0.6856835508287107,0.07305987673476941,-0.010652585002634787,0.016553477981950823,eigentlich groß,2.991053471003308
-6.326202991623147,0.6915057877413839,0.076451838945855,-0.010767950563613932,0.016862359740538,Volksphilosoph,2.978807137833123
-6.326202991623147,0.6915057877413839,0.076451838945855,-0.010767950563613932,0.016862359740538,groß volk+s+philosoph,2.978807137833123
-6.353919290325784,0.7061350581755457,0.08505042684459602,-0.01106201444108653,0.01765033054730819,Nation,2.9480396615365527
-6.353919290325784,0.7061350581755457,0.08505042684459602,-0.01106201444108653,0.01765033054730819,volk+s+philosoph nation,2.9480396615365527
-6.539710087144239,0.8041480651784303,0.14563518764299407,-0.013199371555601566,0.023404030675464177,+7892,2.741990639487205
-6.539710087144239,0.8041480651784303,0.14563518764299407,-0.013199371555601566,0.023404030675464177,und +7892,2.741990639487205
-6.543156636586348,0.8059649326197265,0.14681024068384438,-0.01324195696229076,0.023519124513143766,+7892 chars,2.7381718637593297
-5.372062680416554,0.18885280321962838,-0.16587981250257144,-0.00346039451878051,-0.0023647546963656563,Skistar,4.040705584509815
-0.9414305500518125,-2.089925854357228,-0.6709516198080174,0.0028342169626774973,-0.016008444021038043,Pinturault,8.983907327969082
-5.203591478780403,0.10050523811430834,-0.20014023746639847,-0.002589382636291458,-0.00459572598102935,ski+star pinturault,4.228525894933877
-4.856336895397087,-0.08111435874447848,-0.2646958873433354,-0.0010704515735976416,-0.008436130779638715,kritisiert,4.615807208285465
-4.856336895397087,-0.08111435874447848,-0.2646958873433354,-0.0010704515735976416,-0.008436130779638715,pinturault kritisier+t,4.615807208285465
-4.175218716694271,-0.4354537061993411,-0.3717686571713212,0.0010546967924206715,-0.013641324756355891,FIS,5.375753158258377
-4.175218716694271,-0.4354537061993411,-0.3717686571713212,0.0010546967924206715,-0.013641324756355891,kritisier+t fis,5.375753158258377
-3.3312369066454846,-0.8712719260210995,-0.4770582986158099,0.0025564025995133757,-0.017032657316285026,Ein,6.317599053935585
-3.3312369066454846,-0.8712719260210995,-0.4770582986158099,0.0025564025995133757,-0.017032657316285026,fis ein,6.317599053935585
-1.9541920033775053,-1.5758658381781832,-0.6034414002507855,0.0032511601108732267,-0.017864315025684772,ein tsunami,7.854150145204961
-0.9564248716412074,-2.08233679352669,-0.6700768184731505,0.0028447725227437916,-0.016047527147548986,Alexis,8.967183033558069
-4.07497996756933,-0.4873959056960051,-0.38568962570183574,0.0012901707658550012,-0.01419795636134051,tsunami alexis,5.487610918092492
-2.4676568271975103,-1.3139784366937213,-0.5617035538277733,0.0031929345916717894,-0.018089602557498988,alexis pinturault,7.281259128020263
-3.2768713870028368,-0.8992327076869464,-0.4830026143767122,0.002619964692401437,-0.017161997443406955,kehrt,6.378268496332417
-3.2768713870028368,-0.8992327076869464,-0.4830026143767122,0.002619964692401437,-0.017161997443406955,pinturault kehr+t,6.378268496332417
-3.9922164764022012,-0.53024458972923,-0.39687057234304496,0.001471762195526083,-0.014622911707233198,Kitzbühel-Sturz,5.57996952747398
-3.9922164764022012,-0.53024458972923,-0.39687057234304496,0.001471762195526083,-0.014622911707233198,kehr+t kitzbühel-sturz,5.57996952747398
-4.367197499590739,-0.335829315584236,-0.3438850281959437,0.0005531082833930001,-0.012438449353788086,zurück,5.161530290119452
-4.367197499590739,-0.335829315584236,-0.3438850281959437,0.0005531082833930001,-0.012438449353788086,kitzbühel-sturz zurück,5.161530290119452
-4.614549232076766,-0.207184260921629,-0.30539997822066145,-0.00020083256898644278,-0.010596852828693534,Pisten,4.885543811083506
-4.614549232076766,-0.207184260921629,-0.30539997822066145,-0.00020083256898644278,-0.010596852828693534,zurück piste+n,4.885543811083506
-4.7687594071280595,-0.126814691052219,-0.2798137837860388,-0.0007391532594180072,-0.009263197668698216,Skiverband,4.713502137398603
-4.7687594071280595,-0.126814691052219,-0.2798137837860388,-0.0007391532594180072,-0.009263197668698216,piste+n ski+verband,4.713502137398603
-4.915653118677632,-0.05013769973726001,-0.25420304970604396,-0.0013059984573002663,-0.007845519151367733,Präsident,4.549642894749404
-4.915653118677632,-0.05013769973726001,-0.25420304970604396,-0.0013059984573002663,-0.007845519151367733,ski+verband präsident,4.549642894749404
-5.004468564649778,-0.00371967215463731,-0.23809413379050087,-0.0016763490733450181,-0.006912942790114118,Johan,4.450581241290239
-5.004468564649778,-0.00371967215463731,-0.23809413379050087,-0.0016763490733450181,-0.006912942790114118,präsident johan,4.450581241290239
-5.052629841357904,0.021469120799505026,-0.22915282019493036,-0.0018863930798374354,-0.006382038005586774,Eliasch,4.396868028105793
-5.052629841357904,0.021469120799505026,-0.22915282019493036,-0.0018863930798374354,-0.006382038005586774,johan eliasch,4.396868028105793
-5.111775532689565,0.05242017369212726,-0.21796731701084895,-0.00215357744986977,-0.005704765510294106,greift,4.330908586375822
-5.111775532689565,0.05242017369212726,-0.21796731701084895,-0.00215357744986977,-0.005704765510294106,eliasch greif+t,4.330908586375822
-5.221602445067113,0.10994312126142791,-0.19657515973054046,-0.0026779846656995628,-0.0043696309688651125,Sicherheitsdebatte,4.208443773613104
-5.221602445067113,0.10994312126142791,-0.19657515973054046,-0.0026779846656995628,-0.0043696309688651125,greif+t sicherheit+s+debatte,4.208443773613104
-6.456245301335446,0.7601314200016114,0.11776289824310185,-0.012201857226921978,0.020713093048035675,offenbar,2.834511475855893
-6.456245301335446,0.7601314200016114,0.11776289824310185,-0.012201857226921978,0.020713093048035675,pinturault offenbar,2.834511475855893
-6.469081567181156,0.7669028003859235,0.12197786190688922,-0.012351151980601952,0.021115218726700025,Hof…,2.8202774205731735
-6.469081567181156,0.7669028003859235,0.12197786190688922,-0.012351151980601952,0.021115218726700025,offenbar hof…,2.8202774205731735
-6.474003434556158,0.769499015821886,0.12360080998374931,-0.01240878472288666,0.021270511499818096,+2050,2.8148200615541077
-6.474003434556158,0.769499015821886,0.12360080998374931,-0.01240878472288666,0.021270511499818096,hof… +2050,2.8148200615541077
-6.478810908014671,0.7720347975782174,0.12518968976788655,-0.012465287173460148,0.021422790394093186,+2050 char+s,2.8094897962952254
-6.119919513866638,0.5826187908967373,0.01569069993577514,-0.008756188341344957,0.011497207028557388,Wir,3.207991457794796
-6.106975076369581,0.5757872291670452,0.012057324328657332,-0.008639588587399737,0.011187684758449667,gingen,3.2223829242694313
-6.106975076369581,0.5757872291670452,0.012057324328657332,-0.008639588587399737,0.011187684758449667,wir geh+en,3.2223829242694313
-6.064754083932996,0.5535067580515918,0.00034488012865645234,-0.00826658610410999,0.010198642040868108,tote,3.2693308975184108
-6.064754083932996,0.5535067580515918,0.00034488012865645234,-0.00826658610410999,0.010198642040868108,geh+en tot+e,3.2693308975184108
-6.0292068316336165,0.5347509738529821,-0.00935506834510498,-0.0079609967877185,0.009389646158493498,gequetschte,3.3088661231669785
-6.0292068316336165,0.5347509738529821,-0.00935506834510498,-0.0079609967877185,0.009389646158493498,tot+e ge+quetsch+t+e,3.3088661231669785
-1.3957361950928062,-1.8597083982524882,-0.6428648878071488,0.003098885255349418,-0.017046668400274495,Menschen,8.47715660090495
-5.975400865213043,0.5063672785173525,-0.023765196720148332,-0.007512602390265251,0.008204774826829284,ge+quetsch+t+e mensch+en,3.3687218103492986
-5.929104045743111,0.48195134042727017,-0.035909602125813844,-0.007139924094087639,0.007222014738699586,hinweg,3.4202361033300126
-5.929104045743111,0.48195134042727017,-0.035909602125813844,-0.007139924094087639,0.007222014738699586,mensch+en hinweg,3.4202361033300126
-5.882615033010111,0.45744087216085716,-0.047874825737168544,-0.006777440267799348,0.006267971558687566,hinweg der,3.4719747063276207
-3.4744346116836686,-0.7975613904423611,-0.46095746455753284,0.002371720234579336,-0.016645714356722158,der mensch+en,6.157795725737953
-4.286916701653609,-0.37751302385249375,-0.3557464933019488,0.0007712427956788719,-0.012964142932405227,Kirchen,5.2511113668551515
-4.286916701653609,-0.37751302385249375,-0.3557464933019488,0.0007712427956788719,-0.012964142932405227,mensch+en kirche+n,5.2511113668551515
-4.101056591151202,-0.47388828841336794,-0.382108728159887,0.001230581002894502,-0.014057654788162934,versammelt,5.4585114227256675
-4.101056591151202,-0.47388828841336794,-0.382108728159887,0.001230581002894502,-0.014057654788162934,kirche+n versammel+t,5.4585114227256675
-3.2768713870028368,-0.8992327076869464,-0.4830026143767122,0.002619964692401437,-0.017161997443406955,November,6.378268496332417
-3.2768713870028368,-0.8992327076869464,-0.4830026143767122,0.002619964692401437,-0.017161997443406955,versammel+t november,6.378268496332417
-2.638848990463017,-1.226452632088085,-0.5464684216466913,0.0031249757584356636,-0.018035504907153242,1755,7.090239233517598
-2.638848990463017,-1.226452632088085,-0.5464684216466913,0.0031249757584356636,-0.018035504907153242,november 1755,7.090239233517598
-0.5101722858168074,-2.066521640836267,0.7289821146731064,0.0006776740470635506,-0.004670208643044661,Erdbeben,9.441584499922588
-2.0919943102210112,-1.5056710097075583,-0.5927912591757789,0.0032556384036726456,-0.017978232039140743,1755 erdbeben,7.700406046287159
2.444111706466021,-3.790502723571269,-0.7996619328370906,-0.0018617316959790922,-0.001083776602454678,erdbeben tsunami,12.7584467328682
-1.247957563413368,-1.9346593823280314,-0.6523690887299105,0.0030256720976017566,-0.01674304340941684,Lissabon,8.642001490947967
-1.247957563413368,-1.9346593823280314,-0.6523690887299105,0.0030256720976017566,-0.01674304340941684,tsunami lissabon,8.642001490947967
-2.544688918574832,-1.2746076504778525,-0.5549347958379773,0.003165573472606084,-0.018073836130344953,zerstörten,7.195305910868996
-2.544688918574832,-1.2746076504778525,-0.5549347958379773,0.003165573472606084,-0.018073836130344953,lissabon zerstör+ten,7.195305910868996
-3.38321326804574,-0.8445277982558075,-0.4712894889065967,0.002492304986593634,-0.016900081505449596,Eine,6.259595542098768
-3.7671940822245524,-0.6465738855171832,-0.4259146867070902,0.0019105284064363272,-0.015630182821237952,größten,5.831084835268283
-3.7671940822245524,-0.6465738855171832,-0.4259146867070902,0.0019105284064363272,-0.015630182821237952,ein+e groß,5.831084835268283
-4.020596599446387,-0.5155553558453683,-0.39306779037720796,0.001410768052899261,-0.014480630680199717,Naturkatastrophen,5.548299027233124
-4.020596599446387,-0.5155553558453683,-0.39306779037720796,0.001410768052899261,-0.014480630680199717,groß natur+katastrophe+n,5.548299027233124
-4.49278009540951,-0.2710521687774121,-0.32452762998016155,0.033820332181734684,-0.008852640002342788,Geschichte,5.021535282027391
-4.49278009540951,-0.2710521687774121,-0.32452762998016155,0.033820332181734684,-0.008852640002342788,natur+katastrophe+n geschichte,5.021535282027391
-4.605808053182489,-0.2132877728135747,-0.3063491631613681,0.0650298325423703,-0.005475964980236732,Europas,4.895807142999131
-4.605808053182489,-0.2132877728135747,-0.3063491631613681,0.0650298325423703,-0.005475964980236732,geschichte europa+s,4.895807142999131
-4.660820125254816,-0.18622750600288063,-0.2970529801408732,0.09553578493760034,-0.002635769674360265,forderte,4.835050362664404
-4.660820125254816,-0.18622750600288063,-0.2970529801408732,0.09553578493760034,-0.002635769674360265,europa+s forder+te,4.835050362664404
-5.727678924799454,0.362765627496771,-0.08390377280115108,0.2008394664203243,0.01995650020194996,Zehntausende,3.6496469497932646
-5.727678924799454,0.362765627496771,-0.08390377280115108,0.2008394664203243,0.01995650020194996,forder+te zehntausend+e,3.6496469497932646
-5.439573941695077,0.1499297060387612,-0.14043387445542005,0.48292647294553465,0.033677486614609634,Tote,3.9967515241587295
-5.439573941695077,0.1499297060387612,-0.14043387445542005,0.48292647294553465,0.033677486614609634,zehntausend+e tot+e,3.9967515241587295
-5.766700761713926,0.3742127048110637,-0.07322740217277232,0.26299536081430647,0.02534563386333391,erschütterte,3.6100106425032354
-5.766700761713926,0.3742127048110637,-0.07322740217277232,0.26299536081430647,0.02534563386333391,tot+e erschütter+te,3.6100106425032354
-5.856371761631523,0.43797090617902534,-0.05339904217462978,0.12982197704840237,0.017074619604848615,Vertrauen,3.503299920627538
-5.856371761631523,0.43797090617902534,-0.05339904217462978,0.12982197704840237,0.017074619604848615,erschütter+te vertrau+en,3.503299920627538
-5.8416492259325885,0.43397214723623057,-0.057732621215214726,0.07184219628075705,0.012063067072627373,Gott,3.5181943634607524
-5.8416492259325885,0.43397214723623057,-0.057732621215214726,0.07184219628075705,0.012063067072627373,vertrau+en gott,3.5181943634607524
-5.93989795560002,0.4876432321995694,-0.03309883439887326,-0.007225752892959736,0.007448179871791402,Zehntausend…,3.4082248068716328
-5.93989795560002,0.4876432321995694,-0.03309883439887326,-0.007225752892959736,0.007448179871791402,forder+te zehntausend…,3.4082248068716328
-6.00776443453935,0.5234387820826991,-0.015136487567144724,-0.007780294706406312,0.008911829692706763,+7376,3.332717541834323
-6.00776443453935,0.5234387820826991,-0.015136487567144724,-0.007780294706406312,0.008911829692706763,zehntausend… +7376,3.332717541834323
-6.033342414864666,0.5369328804386098,-0.00823402042889615,-0.007996160275797842,0.009482675102760768,+7376 char+s,3.3042662068161777
-5.726920511874791,0.37541141471372375,-0.08635707361456563,-0.005643626663593991,0.003296230550900385,Ukraine-Krieg,3.6453183570970173
-4.151145824587753,-0.4479325656391624,-0.37515059138405166,0.0011128414467449395,-0.013779309055785643,Liveticker,5.402616179992074
-5.542551833764104,0.2784080290283286,-0.1290000268035384,-0.0044455069000108455,0.00017854695180394287,ukraine+-+krieg live+ticker,3.8506997010857598
-3.802533513291677,-0.628320766692974,-0.4214798611181961,0.0018467147562621494,-0.015485708788865106,+++,5.791647215013877
-5.353515428476969,0.17911916251406823,-0.16975419937611907,-0.003359730506259165,-0.002623497197537558,live+ticker +++,4.061380196153104
-5.272596303626402,0.13667370411723478,-0.18635694305051564,-0.002934575325232433,-0.003713743329972166,15:11,4.151589106713964
-5.272596303626402,0.13667370411723478,-0.18635694305051564,-0.002934575325232433,-0.003713743329972166,+++ 15:11,4.151589106713964
-5.125746817665647,0.05973415210776367,-0.21529143071886314,-0.0022182158895702186,-0.005540604347070072,Neues,4.315328529482449
-5.125746817665647,0.05973415210776367,-0.21529143071886314,-0.0022182158895702186,-0.005540604347070072,15:11 neu+es,4.315328529482449
-4.934360166076996,-0.04036433901978498,-0.2508502185883807,-0.0013822164015876992,-0.00765397918720756,russisches,4.528776919974815
-4.934360166076996,-0.04036433901978498,-0.2508502185883807,-0.0013822164015876992,-0.00765397918720756,neu+es russisch+es,4.528776919974815
-3.80845507517171,-0.6252616443873737,-0.4207322499738847,0.001835841596527929,-0.015461014949619968,U-Boot,5.785038959095434
-4.347806364376078,-0.345900741323792,-0.34677721697914343,0.0006069336420543615,-0.01256850428869568,russisch+es u-boot,5.1831675825537955
-1.9541920033775053,-1.5758658381781832,-0.6034414002507855,0.0032511601108732267,-0.017864315025684772,Tsunami-Torpedos,7.854150145204961
-1.9541920033775053,-1.5758658381781832,-0.6034414002507855,0.0032511601108732267,-0.017864315025684772,u-boot tsunami-torpedo+s,7.854150145204961
-4.127522347039696,-0.4601755918510979,-0.37844541107611906,0.0011689123495235397,-0.013912047521038168,tragen,5.428977852856283
-4.669465059163165,-0.17857862231446964,-0.2964352876509658,-0.000386180039653166,-0.010139213439226316,tsunami-torpedo+s trag+en,4.824275856805111
-5.353515428476969,0.17911916251406823,-0.16975419937611907,-0.003359730506259165,-0.002623497197537558,trag+en +++,4.061380196153104
-5.097490616158831,0.044943105411903383,-0.2206898669346613,-0.0020880961362638104,-0.0058709451922978745,Lesen,4.3468386956833704
-5.097490616158831,0.044943105411903383,-0.2206898669346613,-0.0020880961362638104,-0.0058709451922978745,+++ les+en,4.3468386956833704
-5.25047100093554,0.12507408887457871,-0.19081323341330098,-0.0028221936153207255,-0.004001210787286338,les+en sie,4.176256715793465
-5.424234081727961,0.21624200698277196,-0.1548398741397312,-0.0037502078601852895,-0.0016185990848562523,aktuellen,3.9825542904533555
-5.424234081727961,0.21624200698277196,-0.1548398741397312,-0.0037502078601852895,-0.0016185990848562523,sie aktuell+en,3.9825542904533555
-5.56829949859266,0.29194537800563536,-0.12322370345721657,-0.00460414155025941,0.0005898800742961813,Entwicklungen,3.822011214217784
-5.56829949859266,0.29194537800563536,-0.12322370345721657,-0.00460414155025941,0.0005898800742961813,aktuell+en entwicklung+en,3.822011214217784
-5.752971805950795,0.38913014480128894,-0.08008251858641495,-0.005825132652860242,0.00377063669397483,Nachrichten,3.616307253318744
-5.752971805950795,0.38913014480128894,-0.08008251858641495,-0.005825132652860242,0.00377063669397483,entwicklung+en nachricht+en,3.616307253318744
-5.900706444473462,0.46697837751511595,-0.04324541340167712,-0.006917132494611674,0.006635417875765701,russischen,3.4518391911752846
-5.900706444473462,0.46697837751511595,-0.04324541340167712,-0.006917132494611674,0.006635417875765701,nachricht+en russisch+en,3.4518391911752846
-5.960598932067793,0.4985603632947766,-0.027673216801871348,-0.007392153975374578,0.007886944754462354,Angriffskrieg,3.385190691795181
-5.960598932067793,0.4985603632947766,-0.027673216801871348,-0.007392153975374578,0.007886944754462354,russisch+en angriff+s+krieg,3.385190691795181
-5.726920511874791,0.37541141471372375,-0.08635707361456563,-0.005643626663593991,0.003296230550900385,Ukraine,3.6453183570970173
-5.726920511874791,0.37541141471372375,-0.08635707361456563,-0.005643626663593991,0.003296230550900385,angriff+s+krieg ukraine,3.6453183570970173
-5.542551833764104,0.2784080290283286,-0.1290000268035384,-0.0044455069000108455,0.00017854695180394287,ukraine live+ticker,3.8506997010857598
-6.144331560672721,0.5955032028048033,0.02259816527718439,-0.008979015349852522,0.012089172396289954,ntv.de,3.18085337129833
-6.144331560672721,0.5955032028048033,0.02259816527718439,-0.008979015349852522,0.012089172396289954,live+ticker ntv.de,3.18085337129833
-5.578048917206926,0.2970721585444456,-0.1210217647930946,-0.004664918205039538,0.0007475945526196764,Mit,3.8111487458793563
-6.190587091822348,0.6199183858578139,0.03588817741739536,-0.009411991668989369,0.013241102534172253,Tamtam,3.12944351655625
-6.190587091822348,0.6199183858578139,0.03588817741739536,-0.009411991668989369,0.013241102534172253,mit tamtam,3.12944351655625
-6.207741813179654,0.6289736996052022,0.04088557988627364,-0.009576247467316404,0.013678673329597602,präsentiert,3.110381015653374
-6.207741813179654,0.6289736996052022,0.04088557988627364,-0.009576247467316404,0.013678673329597602,tamtam präsentier+t,3.110381015653374
-6.2435169770650045,0.6478584965445706,0.05142950324720602,-0.00992539153174134,0.014609798606710259,russische,3.0706342289908064
-6.2435169770650045,0.6478584965445706,0.05142950324720602,-0.00992539153174134,0.014609798606710259,präsentier+t russisch+e,3.0706342289908064
-6.263773576578211,0.6585515414852454,0.057474161691293185,-0.010127128298836933,0.015148429203890229,Verteidigungsministerium,3.0481331314237776
-6.263773576578211,0.6585515414852454,0.057474161691293185,-0.010127128298836933,0.015148429203890229,russisch+e verteidigung+s+ministerium,3.0481331314237776
-6.316777872561897,0.6865307904042057,0.07355241116146799,-0.010669314452254372,0.01659826088061407,neues,2.9892713616702378
-6.316777872561897,0.6865307904042057,0.07355241116146799,-0.010669314452254372,0.01659826088061407,verteidigung+s+ministerium neu+es,2.9892713616702378
-6.326202991623147,0.6915057877413839,0.076451838945855,-0.010767950563613932,0.016862359740538,Atom-U-Boot,2.978807137833123
-6.326202991623147,0.6915057877413839,0.076451838945855,-0.010767950563613932,0.016862359740538,neu+es atom+-+u-boot,2.978807137833123
-6.345495020527123,0.7016886554602444,0.08242542427267613,-0.010971996480551933,0.01740902232098218,Chabaraowsk,2.9573906048641736
-6.345495020527123,0.7016886554602444,0.08242542427267613,-0.010971996480551933,0.01740902232098218,atom+-+u-boot chabaraowsk,2.9573906048641736
-6.364719508656897,0.7118353417657293,0.0884305965638004,-0.011178246293259173,0.017962035127420117,Bis,2.9360523533798375
-6.37379006835978,0.7166225645730457,0.09128238725274762,-0.011276586799017895,0.018225869619694857,sechs,2.925985643670231
-6.37379006835978,0.7166225645730457,0.09128238725274762,-0.011276586799017895,0.018225869619694857,bis sechs,2.925985643670231
-6.381300184863336,0.7205861034707148,0.09365258534525056,-0.011358513505576769,0.018445744677507064,nukleare,2.9176513279784797
-6.381300184863336,0.7205861034707148,0.09365258534525056,-0.011358513505576769,0.018445744677507064,sechs nuklear+e,2.9176513279784797
-6.392135964903854,0.7263045869921574,0.09708685013032334,-0.01147753130441484,0.01876528831660823,Unterwasserdrohnen,2.905627310936842
-6.392135964903854,0.7263045869921574,0.09708685013032334,-0.01147753130441484,0.01876528831660823,nuklear+e unterwasserdrohne+n,2.905627310936842
-6.417722323609576,0.7398064523878702,0.10526477646675408,-0.011762427414477826,0.01953077774800098,Typs,2.877239682357397
-6.417722323609576,0.7398064523878702,0.10526477646675408,-0.011762427414477826,0.01953077774800098,unterwasserdrohne+n typ+s,2.877239682357397
-6.423948423275273,0.743091690417623,0.10726951307804886,-0.011832585293039315,0.01971941204279755,Poseidon,2.8703329074521986
-6.423948423275273,0.743091690417623,0.10726951307804886,-0.011832585293039315,0.01971941204279755,typ+s poseidon,2.8703329074521986
-6.442584027010014,0.7529241875329116,0.11330491103286175,-0.01204455710042309,0.020289644280682834,poseidon u-boot,2.8496622894535726
-6.449067547315637,0.7563447559420877,0.11541706650758832,-0.012119007302215268,0.020490031997754593,u-boot trag+en,2.8424716037243045
-6.466576295711602,0.7655812691670969,0.12115321618120947,-0.012321899317595184,0.021036409268345074,+16149,2.8230553621391303
-6.466576295711602,0.7655812691670969,0.12115321618120947,-0.012321899317595184,0.021036409268345074,mit +16149,2.8230553621391303
-6.472375746400267,0.7686404438131031,0.12306367429356868,-0.012389701332824701,0.02121908723638735,+16149 char+s,2.816624810676276
-6.359379217036588,0.7090167956697948,0.08675714441656537,-0.011120657668577387,0.017807579274826915,Gedenken,2.941979482347757
-4.477739470008058,-0.2783778552603646,-0.3270580560608465,0.00023196814239744012,-0.011658298261319776,Novemberpogrome,5.038187164605782
-6.342622003526698,0.7001722283540441,0.08153249655696887,-0.010941424856547158,0.017327089358785103,gedenk+en november+pogrom+e,2.960579800226889
-6.315172796317551,0.6856835508287107,0.07305987673476941,-0.010652585002634787,0.016553477981950823,Schwierig,2.991053471003308
-6.315172796317551,0.6856835508287107,0.07305987673476941,-0.010652585002634787,0.016553477981950823,november+pogrom+e schwierig,2.991053471003308
-6.28982791922125,0.6723049782431938,0.06532963159397812,-0.010391015084184895,0.01585367586595282,Krebsgeschwür,3.0191966565648123
-6.28982791922125,0.6723049782431938,0.06532963159397812,-0.010391015084184895,0.01585367586595282,schwierig krebsgeschwür,3.0191966565648123
-6.263773576578211,0.6585515414852454,0.057474161691293185,-0.010127128298836933,0.015148429203890229,Antisemitismus,3.0481331314237776
-6.263773576578211,0.6585515414852454,0.057474161691293185,-0.010127128298836933,0.015148429203890229,krebsgeschwür antisemitismus,3.0481331314237776
-6.226187579988581,0.6387106941639964,0.04630126359953102,-0.0097551410813487,0.014155589104962368,beseitigen,3.0898862777912015
-6.226187579988581,0.6387106941639964,0.04630126359953102,-0.0097551410813487,0.014155589104962368,antisemitismus beseitig+en,3.0898862777912015
-5.367483358590565,0.18644939834942642,-0.16683883084480816,-0.0034354266453804766,-0.002428952005675153,Regierungsvertreter,4.045810082217657
-6.198061553432661,0.6238638400623924,0.03806097204038453,-0.00948331069957651,0.013431055487245297,beseitig+en regierung+s+vertreter,3.121137559513392
-5.267142372277851,0.13381413384848284,-0.18745869864076542,-0.002906721780548127,-0.003785020290354435,gedachten,4.157669635674402
-5.267142372277851,0.13381413384848284,-0.18745869864076542,-0.002906721780548127,-0.003785020290354435,regierung+s+vertreter gedenk+en,4.157669635674402
-5.165890639545875,0.08075536209799261,-0.2075297740722692,-0.0024072633642982233,-0.005059812844091488,Shoah-Namensmauer,4.270563914841982
-5.165890639545875,0.08075536209799261,-0.2075297740722692,-0.0024072633642982233,-0.005059812844091488,gedenk+en shoah-namensmau+er,4.270563914841982
-5.0127420572460135,0.0006065393171941214,-0.2365686061753813,-0.0017119616423499316,-0.006823026928980472,Wiener,4.44135377671377
-5.0127420572460135,0.0006065393171941214,-0.2365686061753813,-0.0017119616423499316,-0.006823026928980472,shoah-namensmau+er wiener,4.44135377671377
-4.952574311851032,-0.03084664997839992,-0.2475653129701008,-0.001457333445280238,-0.007465007349549135,Ostarrichipark,4.508461123701034
-4.952574311851032,-0.03084664997839992,-0.2475653129701008,-0.001457333445280238,-0.007465007349549135,wiener ostarrichipark,4.508461123701034
-4.757039810009443,-0.1329271209107845,-0.2818038558329925,-0.0006962634897552875,-0.009369938535951382,Opfer,4.726576194845116
-4.757039810009443,-0.1329271209107845,-0.2818038558329925,-0.0006962634897552875,-0.009369938535951382,ostarrichipark opfer,4.726576194845116
-5.12545831355046,0.05958310926730248,-0.2153468189493758,-0.002216875136193522,-0.005544010640206334,opfer november+pogrom+e,4.315650251361341
-3.2846979321824525,-0.8952082231410032,-0.4821524446686544,0.0026110305508847582,-0.017143957010715194,Jahren,6.36953444739097
-4.2215582560563165,-0.41142396376678025,-0.3651881912438537,0.0009398629895875574,-0.013367852491120283,november+pogrom+e jahr+en,5.324043192666475
-4.006402125908267,-0.5229027567796787,-0.3949738098253899,0.0014414390673702822,-0.01455223687439082,IKG-Präsident,5.564139182617722
-3.503551671135604,-0.7825622529922676,-0.45760275532688477,0.0023310065938869466,-0.016558556900947152,Oskar,6.125302007210151
-3.503551671135604,-0.7825622529922676,-0.45760275532688477,0.0023310065938869466,-0.016558556900947152,ikg-präsident oskar,6.125302007210151
-3.1900368982660723,-0.9438660981681144,-0.4923112120817397,0.002714299764438318,-0.017349332398284227,Deutsch,6.475171146384353
-3.1900368982660723,-0.9438660981681144,-0.4923112120817397,0.002714299764438318,-0.017349332398284227,oskar deutsch,6.475171146384353
-2.5917348677554557,-1.2505517603385177,-0.5507315017391767,0.0031462878192725606,-0.018057345631790636,warnte,7.142810860722411
-2.5917348677554557,-1.2505517603385177,-0.5507315017391767,0.0031462878192725606,-0.018057345631790636,deutsch warn+te,7.142810860722411
2.444111706466021,-3.790502723571269,-0.7996619328370906,-0.0018617316959790922,-0.001083776602454678,warn+te tsunami,12.7584467328682
-1.8787280099678467,-1.6142794509310763,-0.6091119377941685,0.0032428635681546955,-0.01778640886823353,antisemitischen,7.938342041874432
-1.8787280099678467,-1.6142794509310763,-0.6091119377941685,0.0032428635681546955,-0.01778640886823353,tsunami antisemitisch+en,7.938342041874432
-5.097490616158831,0.044943105411903383,-0.2206898669346613,-0.0020880961362638104,-0.0058709451922978745,Übergriffen,4.3468386956833704
-5.097490616158831,0.044943105411903383,-0.2206898669346613,-0.0020880961362638104,-0.0058709451922978745,antisemitisch+en übergriff+en,4.3468386956833704
-5.0679308802913665,0.029474356286664616,-0.22628101334770806,-0.00195452479420841,-0.006209535961040007,Üb…,4.379803781502526
-5.0679308802913665,0.029474356286664616,-0.22628101334770806,-0.00195452479420841,-0.006209535961040007,antisemitisch+en üb…,4.379803781502526
-5.203591478780403,0.10050523811430834,-0.20014023746639847,-0.002589382636291458,-0.00459572598102935,+2652,4.228525894933877
-5.203591478780403,0.10050523811430834,-0.20014023746639847,-0.002589382636291458,-0.00459572598102935,üb… +2652,4.228525894933877
-5.334334266428231,0.16905473027864515,-0.17373366682584535,-0.003256904932959076,-0.0028875612811055246,+2652 chars,4.0827622049568895
0.8011141696289172,-2.67797083976213,1.176686065696122,-0.005164169359755076,-0.00868727014446094,Japan,10.91130210946475
-4.354955718150127,-0.3481303245028742,1.7544197021520227,0.01375937867089462,-0.024489819028543473,gibt,5.296660560767329
-4.354955718150127,-0.3481303245028742,1.7544197021520227,0.01375937867089462,-0.024489819028543473,japan geb+t,5.296660560767329
-1.1994006301890945,-2.1793283851359866,2.497653203463748,0.03288165935544024,-0.0570621815564627,Seebeben,8.969346386001352
-3.492741818433963,-0.916078157367946,2.1243024152441943,0.023820201401819785,-0.04278390965393247,geb+t see+beben,6.338676813802586
-1.5875389697670892,-1.662977099199284,1.8966302314439833,0.01568942119466564,-0.025277729592389223,Stärke,8.363466042775173
-1.5875389697670892,-1.662977099199284,1.8966302314439833,0.01568942119466564,-0.025277729592389223,see+beben stärke,8.363466042775173
-0.7995967742366741,-1.970493937463064,1.701991553495016,0.010610788398214832,-0.01473253622540538,"6,7",9.19461367292983
-0.7995967742366741,-1.970493937463064,1.701991553495016,0.010610788398214832,-0.01473253622540538,"stärke 6,7",9.19461367292983
7.730081910393826,-6.014815553710189,1.2717914224442273,-0.016646060376490322,0.05641497318661959,Tsunami-Warnung,18.59513505047682
-1.1914144895947905,-1.723314075076269,1.1667779760589383,0.005035038664355278,-0.007325024807478403,"6,7 tsunami-warnung",8.704973894159856
-4.171356082990757,-0.31958079896648206,1.2903117794658034,-0.0092703429308513,-0.039174786906691905,Vor,5.423283841169929
-4.171356082990757,-0.31958079896648206,1.2903117794658034,-0.0092703429308513,-0.039174786906691905,tsunami-warnung vor,5.423283841169929
-4.521379249275696,-0.15482300392645154,1.294055924229393,-0.0045637241501765985,-0.028757762558266887,Ostküste,5.0373727514345195
-4.521379249275696,-0.15482300392645154,1.294055924229393,-0.0045637241501765985,-0.028757762558266887,vor ost+küste,5.0373727514345195
-1.849884910529303,-1.439748688233987,1.4905826588925508,0.004351079396042158,-0.022770108664157716,Japans,8.008025802164955
-4.78756195187522,-0.029007239725519884,1.2910185348597734,-0.0022847062630753853,-0.02206025308012738,ost+küste japan+s,4.743333135437172
-5.1590183145566035,0.1480803368373227,1.2752815977713672,-0.0007219584254502878,-0.013647288782566228,stärkeres,4.33169631498783
-5.1590183145566035,0.1480803368373227,1.2752815977713672,-0.0007219584254502878,-0.013647288782566228,japan+s stark+er+es,4.33169631498783
-5.285360946748213,0.2088726613093408,1.2660924674745624,-0.0005873792384439025,-0.010882814327117227,stark+er+es erdbeben,4.191228967389002
-5.320267823309947,0.22851799968153896,1.2449509446309497,0.0025670537079036104,-0.004246961040574593,ereignet,4.150179979778707
-5.320267823309947,0.22851799968153896,1.2449509446309497,0.0025670537079036104,-0.004246961040574593,erdbeben ereign+et,4.150179979778707
-2.394787872223257,-1.1626653061689698,1.3384157904073781,0.007789197001758841,-0.013534788237745246,Behörden,7.389358383218717
-5.188385854985843,0.17508910134484656,1.1782383302059551,0.002413044504623374,-0.004562770092390089,der behörde+n,4.288178514196224
-4.220745076871472,-0.27098638147932164,0.9868319754971375,0.0035913227761297482,-0.00870667428597284,warnen,5.340891648397858
-5.071343704868863,0.12460715365212738,1.1323074300377056,0.002422768601862687,-0.005022803719263599,behörde+n warn+en,4.4127215078253075
-4.9472267227511795,0.06814274431049916,1.1061306181046462,0.0026355294206438264,-0.005742075121828533,deshalb,4.547331487252789
-4.9472267227511795,0.06814274431049916,1.1061306181046462,0.0026355294206438264,-0.005742075121828533,warn+en deshalb,4.547331487252789
-4.751727748737152,-0.023388832650980795,1.0903225669951608,0.0031355863801667723,-0.006987672676243575,vorsichtshalber,4.761916725135275
-4.751727748737152,-0.023388832650980795,1.0903225669951608,0.0031355863801667723,-0.006987672676243575,deshalb vorsichtshalber,4.761916725135275
-3.7260146643120775,-0.5075476497676084,0.991379780840405,0.004373104433514137,-0.010094031340807594,möglichen,5.888595353304966
-3.7260146643120775,-0.5075476497676084,0.991379780840405,0.004373104433514137,-0.010094031340807594,vorsichtshalber möglich+en,5.888595353304966
-1.4608185913937453,-1.6007012747898886,0.8051213472326462,0.003203146539626004,-0.006483573401077379,Tsunami-Wellen,8.389040688274834
-1.4608185913937453,-1.6007012747898886,0.8051213472326462,0.003203146539626004,-0.006483573401077379,möglich+en tsunami-well+en,8.389040688274834
-4.120573589527361,-0.3268416988056546,1.1406161725037065,0.0050646976921309705,-0.010640124488371039,Betroffene,5.463867126914604
-4.55491721106583,-0.13391231374998736,1.2605967976068355,0.005425807767774821,-0.010571660703866712,Küstenbewohner,4.996395875846012
-4.55491721106583,-0.13391231374998736,1.2605967976068355,0.005425807767774821,-0.010571660703866712,betreff+en+e küste+n+bewohner,4.996395875846012
-4.850870663235954,-0.018748669146212205,1.4026628418146698,0.006425035185745116,-0.011538825749192197,wurden,4.688305826100094
-4.850870663235954,-0.018748669146212205,1.4026628418146698,0.006425035185745116,-0.011538825749192197,küste+n+bewohner werd+en,4.688305826100094
-4.929255047814131,0.0027881620525356254,1.4707038475609706,0.007186792809986374,-0.012591277839674911,aufgerufen,4.612288714975508
-4.929255047814131,0.0027881620525356254,1.4707038475609706,0.007186792809986374,-0.012591277839674911,werd+en auf+ge+ruf+en,4.612288714975508
-4.995927263196447,0.0008348792432562036,1.5917622422746374,0.009003611077666271,-0.01546063111389348,fernzubleiben,4.559933015519702
-4.995927263196447,0.0008348792432562036,1.5917622422746374,0.009003611077666271,-0.01546063111389348,auf+ge+ruf+en fern+zu+bleib+en,4.559933015519702
0.5419099667480687,-2.554724146724937,1.288668002886625,0.003070031369276159,0.000531279670828208,Nach,10.631173384277142
-4.421057275483756,-0.6139651196746607,2.2682785387639846,0.028474508853623987,-0.051629959949959,nach see+beben,5.380626939904042
-4.899841786204703,-0.020520656811181315,1.5097898661492641,0.007903720721905379,-0.01382406406198558,Küste,4.651025857754295
-4.899841786204703,-0.020520656811181315,1.5097898661492641,0.007903720721905379,-0.01382406406198558,"6,7 küste",4.651025857754295
-4.839740770509962,-0.033084819223046846,1.4457508073990724,0.007087436368909357,-0.012616034304406498,küste japan+s,4.706940200843382
-4.51030490784572,-0.15681800996711992,1.274659717534647,0.005696402038296952,-0.011039692001974188,japanischen,5.047233788597789
-4.51030490784572,-0.15681800996711992,1.274659717534647,0.005696402038296952,-0.011039692001974188,japan+s japanisch+en,5.047233788597789
-3.9875403289049345,-0.3895739250591985,1.1348153340356795,0.005217182702406183,-0.010953257295174962,japanisch+en behörde+n,5.610368227089243
-1.4501724437932308,-1.6048648674679122,0.8220954595342262,0.003265202217417041,-0.006474551305861678,behörde+n tsunami-warnung,8.401384018201268
-4.081767859339804,-0.3409175719130415,1.0377402319798128,-0.016651104639309827,-0.044715906019695856,ausgesprochen,5.498802468407964
-4.081767859339804,-0.3409175719130415,1.0377402319798128,-0.016651104639309827,-0.044715906019695856,tsunami-warnung aus+ge+sprech+en,5.498802468407964
-3.6539191028497413,-0.5412785458014207,0.9261166809449748,0.004005049392725241,-0.00975407298147337,mögliche,5.964359606356751
-3.6539191028497413,-0.5412785458014207,0.9261166809449748,0.004005049392725241,-0.00975407298147337,der möglich+e,5.964359606356751
-1.5230031851592187,-1.5779229375040673,0.7000594771674864,0.0028654619287679962,-0.006633882196759949,möglich+e tsunami,8.317271204453919
-3.5608090191974613,-0.5862323502897704,0.8744458245843691,0.003780643902434124,-0.00959840003171309,könne,6.06465324047864
-3.5608090191974613,-0.5862323502897704,0.8744458245843691,0.003780643902434124,-0.00959840003171309,tsunami könn+e,6.06465324047864
-4.390440459771923,-0.18933707428112756,0.9666510441876806,0.0030838629502120372,-0.007823175290325037,Höhe,5.151756510776409
-4.390440459771923,-0.18933707428112756,0.9666510441876806,0.0030838629502120372,-0.007823175290325037,könn+e höhe,5.151756510776409
-5.043376496485648,0.11870724140384814,1.0390743770704858,0.0016737651756348615,-0.004170010491583512,Meter,4.435171157280238
-5.043376496485648,0.11870724140384814,1.0390743770704858,0.0016737651756348615,-0.004170010491583512,höhe meter,4.435171157280238
-5.146907880470511,0.16726262867920516,1.0491556104382027,0.0013411292878468643,-0.003321106863615794,erreichen,4.32159571467221
-5.146907880470511,0.16726262867920516,1.0491556104382027,0.0013411292878468643,-0.003321106863615794,meter erreich+en,4.32159571467221
-5.298624117323135,0.23835992923191474,1.0624207771337997,0.000780243440015406,-0.0019028675708779863,erklä…,4.15510169045493
-5.298624117323135,0.23835992923191474,1.0624207771337997,0.000780243440015406,-0.0019028675708779863,erreich+en erklä…,4.15510169045493
-5.3872375565480475,0.27988859484264905,1.069082770878101,0.00040654991417576544,-0.0009670769340594729,+1049,4.057795528639819
-5.3872375565480475,0.27988859484264905,1.069082770878101,0.00040654991417576544,-0.0009670769340594729,erklä… +1049,4.057795528639819
-5.444958096002135,0.3069547796983769,1.0728870851180075,0.00014259528365621194,-0.0003103798916729364,+1049 char+s,3.994376321086731
-4.81386306846346,-0.10328359908531537,-0.27208267173515077,-0.0009073722694047381,-0.008843801557359865,Echtzeitwarnung,4.663186921465089
10.589987583331387,-7.820081082377962,-0.8087916164045146,-0.022566493214482057,0.05953521940919401,Tsunamis,21.830806387761445
-1.9541920033775053,-1.5758658381781832,-0.6034414002507855,0.0032511601108732267,-0.017864315025684772,echtzeit+warnung tsunami+s,7.854150145204961
-4.175218716694271,-0.4354537061993411,-0.3717686571713212,0.0010546967924206715,-0.013641324756355891,System,5.375753158258377
-4.175218716694271,-0.4354537061993411,-0.3717686571713212,0.0010546967924206715,-0.013641324756355891,tsunami+s system,5.375753158258377
-4.669465059163165,-0.17857862231446964,-0.2964352876509658,-0.000386180039653166,-0.010139213439226316,nutzt,4.824275856805111
-4.669465059163165,-0.17857862231446964,-0.2964352876509658,-0.000386180039653166,-0.010139213439226316,system nutz+t,4.824275856805111
-4.934360166076996,-0.04036433901978498,-0.2508502185883807,-0.0013822164015876992,-0.00765397918720756,innovative,4.528776919974815
-4.934360166076996,-0.04036433901978498,-0.2508502185883807,-0.0013822164015876992,-0.00765397918720756,nutz+t innovativ+e,4.528776919974815
-3.6127464542667314,-0.7262780734726912,-0.44477003878060106,0.0021684118152189256,-0.01620509726381407,Technologie,6.003443825390729
-5.25047100093554,0.12507408887457871,-0.19081323341330098,-0.0028221936153207255,-0.004001210787286338,innovativ+e technologie,4.176256715793465
-4.675050804823187,-0.17566809441571474,-0.295514480529399,-0.00040541942072927495,-0.010091612784038514,Mithilfe,4.818044132813738
-5.471801931037129,0.241226513891035,-0.14458780719496092,-0.004023246143779073,-0.0009140213076365977,technologie mithilfe,3.929539836021292
-5.638292252384924,0.3287613279315371,-0.1072328856634614,-0.005049314274955689,0.0017466328207688397,mithilfe künstlich+er,3.7440340577203672
-5.62731202531737,0.32298425891570504,-0.10976982264330629,-0.004978101004706734,0.001561353964710896,neuen,3.756265848761144
-5.62731202531737,0.32298425891570504,-0.10976982264330629,-0.004978101004706734,0.001561353964710896,intelligenz neu+en,3.756265848761144
-5.25047100093554,0.12507408887457871,-0.19081323341330098,-0.0028221936153207255,-0.004001210787286338,neu+en technologie,4.176256715793465
-5.62731202531737,0.32298425891570504,-0.10976982264330629,-0.004978101004706734,0.001561353964710896,technologie neu+e,3.756265848761144
-4.167228179863454,-0.43959615289638565,-0.3728939754177211,0.0010741102585146364,-0.01368743257112335,Warnsysteme,5.384669807141616
-5.097490616158831,0.044943105411903383,-0.2206898669346613,-0.0020880961362638104,-0.0058709451922978745,neu+e warn+system+e,4.3468386956833704
-4.347806364376078,-0.345900741323792,-0.34677721697914343,0.0006069336420543615,-0.01256850428869568,entstehende,5.1831675825537955
-4.347806364376078,-0.345900741323792,-0.34677721697914343,0.0006069336420543615,-0.01256850428869568,warn+system+e entsteh+end+e,5.1831675825537955
-1.9541920033775053,-1.5758658381781832,-0.6034414002507855,0.0032511601108732267,-0.017864315025684772,entsteh+end+e tsunami+s,7.854150145204961
-4.614549232076766,-0.207184260921629,-0.30539997822066145,-0.00020083256898644278,-0.010596852828693534,Meer,4.885543811083506
-4.614549232076766,-0.207184260921629,-0.30539997822066145,-0.00020083256898644278,-0.010596852828693534,tsunami+s meer,4.885543811083506
-4.265653912012295,-0.3885475519670476,-0.3588389919600342,0.0008269672967981326,-0.013097828054514565,hinweisen,5.274837807237522
-4.265653912012295,-0.3885475519670476,-0.3588389919600342,0.0008269672967981326,-0.013097828054514565,meer hin+weis+en,5.274837807237522
-4.896430186224901,-0.06017858454374281,-0.2576264098541848,-0.0012286513037670296,-0.008039684933605858,Vergangenheit,4.5710847050250365
-4.896430186224901,-0.06017858454374281,-0.2576264098541848,-0.0012286513037670296,-0.008039684933605858,tsunami+s vergangenheit,4.5710847050250365
-5.293917147707765,0.14785402673359682,-0.18202919423585417,-0.0030444208148296265,-0.0034324672584448157,weltweit,4.127819279892629
-5.293917147707765,0.14785402673359682,-0.18202919423585417,-0.0030444208148296265,-0.0034324672584448157,vergangenheit weltweit,4.127819279892629
-5.456414775359534,0.23314332402025006,-0.1479238763066508,-0.0039339878409253085,-0.0011445207355490067,schwerwiegende,3.9466882380004975
-5.456414775359534,0.23314332402025006,-0.1479238763066508,-0.0039339878409253085,-0.0011445207355490067,weltweit schwerwiegend+e,3.9466882380004975
-5.649022972405595,0.3344076548476447,-0.10474323972452047,-0.005119414066912055,0.0019291003962761538,Zerstörungen,3.732080587541462
-5.649022972405595,0.3344076548476447,-0.10474323972452047,-0.005119414066912055,0.0019291003962761538,schwerwiegend+e zerstörung+en,3.732080587541462
-5.793195034197819,0.4103173550221393,-0.07026722383683925,-0.006111704323590816,0.004520707211037707,Küstengebieten,3.5715191421829786
-5.793195034197819,0.4103173550221393,-0.07026722383683925,-0.006111704323590816,0.004520707211037707,zerstörung+en küste+n+gebiet+en,3.5715191421829786
-5.89476821773479,0.46384771578591266,-0.044768698917336695,-0.00687109002084128,0.006514277312262624,verursacht,3.4584481973580634
-5.89476821773479,0.46384771578591266,-0.044768698917336695,-0.00687109002084128,0.006514277312262624,küste+n+gebiet+en verursach+t,3.4584481973580634
-5.960598932067793,0.4985603632947766,-0.027673216801871348,-0.007392153975374578,0.007886944754462354,Herkömmliche,3.385190691795181
-6.020785884811402,0.5303082660345242,-0.011631762028001064,-0.00788970888359214,0.009201094736432588,herkömmlich+e warn+system+e,3.3182328484517276
-6.068484436822759,0.5554751641987972,0.0013712665119449408,-0.008299097944065553,0.010284780920733483,erwiesen,3.26518246903514
-6.068484436822759,0.5554751641987972,0.0013712665119449408,-0.008299097944065553,0.010284780920733483,warn+system+e erweis+en,3.26518246903514
-6.116731873044549,0.5809364549009015,0.014794088443429443,-0.008727375867096085,0.011420706963871041,dabei,3.2115353391861436
-6.116731873044549,0.5809364549009015,0.014794088443429443,-0.008727375867096085,0.011420706963871041,erweis+en dabei,3.2115353391861436
-6.135396604421253,0.5907873310978784,0.020061559469288545,-0.008897011235699373,0.011871250009220957,oft,3.1907856244860833
-6.135396604421253,0.5907873310978784,0.020061559469288545,-0.008897011235699373,0.011871250009220957,dabei oft,3.1907856244860833
-6.158676795830766,0.6030748374502903,0.0266912767799575,-0.009111769055338212,0.012442128822509155,unzureichend,3.164908065242763
-6.158676795830766,0.6030748374502903,0.0266912767799575,-0.009111769055338212,0.012442128822509155,oft un+zureichend,3.164908065242763
-6.202941552933699,0.626439808095185,0.039483410378066575,-0.009530081053627508,0.013555656602367516,gefährdete,3.115714900668618
-6.202941552933699,0.626439808095185,0.039483410378066575,-0.009530081053627508,0.013555656602367516,un+zureichend gefährdet+e,3.115714900668618
-6.228412415805353,0.6398851310684239,0.04695745664487713,-0.00977687957551173,0.014213566862958688,Regionen,3.087414475596635
-6.228412415805353,0.6398851310684239,0.04695745664487713,-0.00977687957551173,0.014213566862958688,gefährdet+e region+en,3.087414475596635
-6.247688011526724,0.6500603003497221,0.05266971371999685,-0.009966689103698793,0.014720024936595633,rechtz…,3.0660007701596657
-6.247688011526724,0.6500603003497221,0.05266971371999685,-0.009966689103698793,0.014720024936595633,region+en rechtz…,3.0660007701596657
-6.265719885879971,0.6595789566236492,0.058057823938814035,-0.010146668474300135,0.015200624792271009,+5013,3.045971333591834
-6.265719885879971,0.6595789566236492,0.058057823938814035,-0.010146668474300135,0.015200624792271009,rechtz… +5013,3.045971333591834
-6.27711475786951,0.6655940480980742,0.06148513103019276,-0.010261625705358615,0.015507782893504629,+5013 char+s,3.0333154657758055
-5.424234081727961,0.21624200698277196,-0.1548398741397312,-0.0037502078601852895,-0.0016185990848562523,Sekunden,3.9825542904533555
-5.125746817665647,0.05973415210776367,-0.21529143071886314,-0.0022182158895702186,-0.005540604347070072,Leben,4.315328529482449
-5.125746817665647,0.05973415210776367,-0.21529143071886314,-0.0022182158895702186,-0.005540604347070072,sekunde+n leben,4.315328529482449
-4.934360166076996,-0.04036433901978498,-0.2508502185883807,-0.0013822164015876992,-0.00765397918720756,retten,4.528776919974815
-4.934360166076996,-0.04036433901978498,-0.2508502185883807,-0.0013822164015876992,-0.00765397918720756,leben rett+en,4.528776919974815
-4.555530074362332,-0.23790918676275785,-0.31485934498695267,-9.163216084948078e-06,-0.01106822759201883,Durchbruch,4.951392078204394
-4.555530074362332,-0.23790918676275785,-0.31485934498695267,-9.163216084948078e-06,-0.01106822759201883,rett+en durchbruch,4.951392078204394
-1.9541920033775053,-1.5758658381781832,-0.6034414002507855,0.0032511601108732267,-0.017864315025684772,Tsunami-Frühwarnung,7.854150145204961
-1.9541920033775053,-1.5758658381781832,-0.6034414002507855,0.0032511601108732267,-0.017864315025684772,durchbruch tsunami-frühwarnung,7.854150145204961
-4.07497996756933,-0.4873959056960051,-0.38568962570183574,0.0012901707658550012,-0.01419795636134051,Rast,5.487610918092492
-4.07497996756933,-0.4873959056960051,-0.38568962570183574,0.0012901707658550012,-0.01419795636134051,tsunami-frühwarnung rast,5.487610918092492
-1.9541920033775053,-1.5758658381781832,-0.6034414002507855,0.0032511601108732267,-0.017864315025684772,rast tsunami,7.854150145204961
-3.7407355259170814,-0.6602360584270017,-0.4292051728210057,0.001957110849287645,-0.01573513606398124,Land,5.860611746301145
-4.614549232076766,-0.207184260921629,-0.30539997822066145,-0.00020083256898644278,-0.010596852828693534,tsunami land,4.885543811083506
-5.004468564649778,-0.00371967215463731,-0.23809413379050087,-0.0016763490733450181,-0.006912942790114118,zählt,4.450581241290239
-5.004468564649778,-0.00371967215463731,-0.23809413379050087,-0.0016763490733450181,-0.006912942790114118,land zähl+t,4.450581241290239
-5.424234081727961,0.21624200698277196,-0.1548398741397312,-0.0037502078601852895,-0.0016185990848562523,Sekunde,3.9825542904533555
-5.424234081727961,0.21624200698277196,-0.1548398741397312,-0.0037502078601852895,-0.0016185990848562523,zähl+t sekunde,3.9825542904533555
-5.62731202531737,0.32298425891570504,-0.10976982264330629,-0.004978101004706734,0.001561353964710896,müssen,3.756265848761144
-5.62731202531737,0.32298425891570504,-0.10976982264330629,-0.004978101004706734,0.001561353964710896,mensch+en müss+en,3.756265848761144
-5.69924690769237,0.36084152200641406,-0.09295267712529524,-0.005454261399872283,0.0028018472554106055,möglichst,3.67613879275922
-5.69924690769237,0.36084152200641406,-0.09295267712529524,-0.005454261399872283,0.0028018472554106055,müss+en möglichst,3.67613879275922
-5.7178844881241275,0.37065367186628184,-0.0885185172813279,-0.00558140826919383,0.0031337303267922334,früh,3.65538158744056
-5.7178844881241275,0.37065367186628184,-0.0885185172813279,-0.00558140826919383,0.0031337303267922334,möglichst früh,3.65538158744056
-5.669773057555236,0.34532748170285754,-0.09989970592712051,-0.00525639690758304,0.002285904979307571,gewarnt,3.7089671301202443
-5.669773057555236,0.34532748170285754,-0.09989970592712051,-0.00525639690758304,0.002285904979307571,früh ge+warn+t,3.7089671301202443
-5.471801931037129,0.241226513891035,-0.14458780719496092,-0.004023246143779073,-0.0009140213076365977,Dem,3.929539836021292
-5.25047100093554,0.12507408887457871,-0.19081323341330098,-0.0028221936153207255,-0.004001210787286338,Nasa,4.176256715793465
-5.25047100093554,0.12507408887457871,-0.19081323341330098,-0.0028221936153207255,-0.004001210787286338,der nasa,4.176256715793465
-4.856336895397087,-0.08111435874447848,-0.2646958873433354,-0.0010704515735976416,-0.008436130779638715,Stück,4.615807208285465
-4.856336895397087,-0.08111435874447848,-0.2646958873433354,-0.0010704515735976416,-0.008436130779638715,nasa stück,4.615807208285465
-4.555530074362332,-0.23790918676275785,-0.31485934498695267,-9.163216084948078e-06,-0.01106822759201883,näher,4.951392078204394
-4.555530074362332,-0.23790918676275785,-0.31485934498695267,-9.163216084948078e-06,-0.01106822759201883,stück nah+er,4.951392078204394
-4.81386306846346,-0.10328359908531537,-0.27208267173515077,-0.0009073722694047381,-0.008843801557359865,enorme,4.663186921465089
-4.81386306846346,-0.10328359908531537,-0.27208267173515077,-0.0009073722694047381,-0.008843801557359865,tsunamis enorm+e,4.663186921465089
-5.0679308802913665,0.029474356286664616,-0.22628101334770806,-0.00195452479420841,-0.006209535961040007,Zerstörung,4.379803781502526
-5.0679308802913665,0.029474356286664616,-0.22628101334770806,-0.00195452479420841,-0.006209535961040007,enorm+e zerstörung,4.379803781502526
-5.334334266428231,0.16905473027864515,-0.17373366682584535,-0.003256904932959076,-0.0028875612811055246,sorgen,4.0827622049568895
-5.334334266428231,0.16905473027864515,-0.17373366682584535,-0.003256904932959076,-0.0028875612811055246,zerstörung sorg+en,4.0827622049568895
-5.515412727549563,0.2641425790656027,-0.1350281991248117,-0.004281196624108662,-0.00024700383776996016,tausende,3.8809405694632875
-5.515412727549563,0.2641425790656027,-0.1350281991248117,-0.004281196624108662,-0.00024700383776996016,sorg+en tausend+e,3.8809405694632875
-5.62731202531737,0.32298425891570504,-0.10976982264330629,-0.004978101004706734,0.001561353964710896,tausend+e mensch+en,3.756265848761144
-5.7178844881241275,0.37065367186628184,-0.0885185172813279,-0.00558140826919383,0.0031337303267922334,töten,3.65538158744056
-5.7178844881241275,0.37065367186628184,-0.0885185172813279,-0.00558140826919383,0.0031337303267922334,mensch+en töt+en,3.65538158744056
-2.7587423058550646,-1.1651131776959462,-0.5353497551285853,0.0024376025926342478,-0.0190098135176656,/li,6.956460146232789
-5.76951502009544,0.3978433363687248,-0.07606451587297056,-0.005942055361947016,0.004076515491071589,töt+en /li,3.5978858113367616
-5.82992933099454,0.4296723841035739,-0.06116532775330549,-0.0063803104400883826,0.0052248929411199685,Umso,3.530621557451421
-5.82992933099454,0.4296723841035739,-0.06116532775330549,-0.0063803104400883826,0.0052248929411199685,/li umso,3.530621557451421
-5.863656104026395,0.44744724172247885,-0.052689944995612394,-0.0066328897089263025,0.005888038565352867,wichtiger,3.493077350350574
-5.863656104026395,0.44744724172247885,-0.052689944995612394,-0.0066328897089263025,0.005888038565352867,umso wichtig+er,3.493077350350574
-5.984946890925112,0.5114024266120785,-0.021232112127365255,-0.007590938119427914,0.008411584957953133,frühzeitig,3.358101340911884
-5.984946890925112,0.5114024266120785,-0.021232112127365255,-0.007590938119427914,0.008411584957953133,wichtig+er frühzeitig,3.358101340911884
-6.045461296962673,0.5433269556758038,-0.004937663947984602,-0.008099789576802602,0.00975692982027937,erkennen,3.2907872030412486
-6.045461296962673,0.5433269556758038,-0.004937663947984602,-0.008099789576802602,0.00975692982027937,frühzeitig erkenn+en,3.2907872030412486
-6.119919513866638,0.5826187908967373,0.01569069993577514,-0.008756188341344957,0.011497207028557388,Gefahr,3.207991457794796
-6.119919513866638,0.5826187908967373,0.01569069993577514,-0.008756188341344957,0.011497207028557388,erkenn+en gefahr,3.207991457794796
-6.150149474754308,0.5985739560388992,0.024255122483164318,-0.009032692181219638,0.012231859554357821,gefahr warn+en,3.1743863600012
-5.76951502009544,0.3978433363687248,-0.07606451587297056,-0.005942055361947016,0.004076515491071589,warn+en /li,3.5978858113367616
-6.190587091822348,0.6199183858578139,0.03588817741739536,-0.009411991668989369,0.013241102534172253,/li mithilfe,3.12944351655625
-6.2124645003051855,0.6314666559552831,0.042267978023248054,-0.00962182363721608,0.01380014114746396,modernster,3.1051334905185524
-6.2124645003051855,0.6314666559552831,0.042267978023248054,-0.00962182363721608,0.01380014114746396,mithilfe modern+st+er,3.1051334905185524
-6.23714201244674,0.6444932872048335,0.04953840432243786,-0.009862513298376861,0.014442008483172536,Tec…,3.077716215188248
-6.23714201244674,0.6444932872048335,0.04953840432243786,-0.009862513298376861,0.014442008483172536,modern+st+er tec…,3.077716215188248
-6.249750434076006,0.6511490114656178,0.05328380081291839,-0.009987155403242194,0.014774658080002112,+5252,3.0637097453037376
-6.249750434076006,0.6511490114656178,0.05328380081291839,-0.009987155403242194,0.014774658080002112,tec… +5252,3.0637097453037376
-6.261813360904265,0.6575167848295254,0.05688684086024626,-0.01010747644430323,0.015095939551092397,+5252 chars,3.050310405505555
-3.8301290152982572,-0.6140632907440762,-0.4179847558151241,0.0017955980681363184,-0.015369431118840461,Seit,5.760851624066482
-2.9829063622015983,-1.0502035239330412,-0.5136288997271181,0.00290527441091298,-0.017705092048088365,Fukushima,6.706313548174745
-5.917995170829759,0.4760937454264371,-0.03878943839103953,-0.007052253004082618,0.006991099725700202,seit fukushima,3.4325984776674323
-5.857131397713162,0.4440082336492832,-0.054338556591302004,-0.00658357319973096,0.005758485163288807,stillgelegt,3.5003401844558235
-5.857131397713162,0.4440082336492832,-0.054338556591302004,-0.00658357319973096,0.005758485163288807,fukushima still+ge+leg+t,3.5003401844558235
-5.761322302269042,0.3935281509845241,-0.07805763258214124,-0.005883988781403851,0.003924582125592678,still+ge+leg+t japan,3.607008555755494
-5.638292252384924,0.3287613279315371,-0.1072328856634614,-0.005049314274955689,0.0017466328207688397,leistungsstärkstes,3.7440340577203672
-5.638292252384924,0.3287613279315371,-0.1072328856634614,-0.005049314274955689,0.0017466328207688397,japan leistungsstärkst+es,3.7440340577203672
-5.372062680416554,0.18885280321962838,-0.16587981250257144,-0.00346039451878051,-0.0023647546963656563,AKW,4.040705584509815
-5.372062680416554,0.18885280321962838,-0.16587981250257144,-0.00346039451878051,-0.0023647546963656563,leistungsstärkst+es akw,4.040705584509815
-5.203591478780403,0.10050523811430834,-0.20014023746639847,-0.002589382636291458,-0.00459572598102935,Welt,4.228525894933877
-5.203591478780403,0.10050523811430834,-0.20014023746639847,-0.002589382636291458,-0.00459572598102935,akw welt,4.228525894933877
-4.81386306846346,-0.10328359908531537,-0.27208267173515077,-0.0009073722694047381,-0.008843801557359865,hochfahren,4.663186921465089
-4.81386306846346,-0.10328359908531537,-0.27208267173515077,-0.0009073722694047381,-0.008843801557359865,welt hoch+fahr+en,4.663186921465089
-4.07497996756933,-0.4873959056960051,-0.38568962570183574,0.0012901707658550012,-0.01419795636134051,hoch+fahr+en nach,5.487610918092492
2.444111706466021,-3.790502723571269,-0.7996619328370906,-0.0018617316959790922,-0.001083776602454678,Tsunami-Katastrophe,12.7584467328682
2.444111706466021,-3.790502723571269,-0.7996619328370906,-0.0018617316959790922,-0.001083776602454678,nach tsunami-katastroph+e,12.7584467328682
-3.9549932563293657,-0.5495048607502602,-0.4018096561654132,0.0015497836786229,-0.014804192662662419,tsunami-katastroph+e fukushima,5.621508598558807
-3.7306234803897658,-0.6654566490294749,-0.430456054312939,0.0019746466842057615,-0.015774528740724977,Jahr,5.871896478093869
-3.7306234803897658,-0.6654566490294749,-0.430456054312939,0.0019746466842057615,-0.015774528740724977,fukushima jahr,5.871896478093869
-2.77518105294529,-1.1566700630809108,-0.5338223172494388,0.0030517131737032716,-0.017941392810092154,2011,6.938112285247214
-3.901825197055068,-0.5770035818449224,-0.4087702451168275,0.0016574063601050085,-0.015052830584640325,jahr 2011,5.680841594422366
-4.048171787989794,-0.5012789037403929,-0.3893417526012988,0.0013502350696012223,-0.014338962564165197,gehen,5.5175269316338085
-4.048171787989794,-0.5012789037403929,-0.3893417526012988,0.0013502350696012223,-0.014338962564165197,2011 geh+en,5.5175269316338085
-4.307683705113029,-0.36673352294310035,-0.35270643418153663,0.0007159975914291065,-0.012831355925702712,Atomkraftwerke,5.227938321697803
-4.307683705113029,-0.36673352294310035,-0.35270643418153663,0.0007159975914291065,-0.012831355925702712,geh+en atom+kraft+werk+e,5.227938321697803
-4.585016972650338,-0.2225608739422804,-0.3101556891436513,-0.00010396466116034328,-0.010835328436745707,atom+kraft+werk+e japan,4.918492959896095
-3.502380274457078,-0.7831657513236787,-0.45773825584269223,0.002332665664600622,-0.01656212001336274,Netz,6.126609249651117
-4.745133172137728,-0.13913633640712897,-0.283817851822851,-0.0006530309018771517,-0.009477452215570545,japan netz,4.739859034348352
-5.970532717322206,0.5037996238614446,-0.025053130783333072,-0.007472852566992032,0.008099864576301685,seit jahr+en,3.374138070059139
-6.003315573767862,0.5210918793850488,-0.016329536106722706,-0.007743139115261956,0.008813634524075353,vollzieht,3.337666540588744
-6.003315573767862,0.5210918793850488,-0.016329536106722706,-0.007743139115261956,0.008813634524075353,jahr+en vollzieh+t,3.337666540588744
-6.060982069555315,0.5515163980990185,-0.0006913221868298097,-0.008233797525208787,0.010111783354118498,vollzieh+t land,3.273525740015681
-6.0794331125387355,0.5612526486266258,0.004393127788032955,-0.008395014060286775,0.010538983802051191,jedoch,3.2530072090066784
-6.0794331125387355,0.5612526486266258,0.004393127788032955,-0.008395014060286775,0.010538983802051191,land jedoch,3.2530072090066784
-6.119919513866638,0.5826187908967373,0.01569069993577514,-0.008756188341344957,0.011497207028557388,Wendung,3.207991457794796
-6.119919513866638,0.5826187908967373,0.01569069993577514,-0.008756188341344957,0.011497207028557388,jedoch wendung,3.207991457794796
-6.147254099268512,0.5970457424632316,0.023429990989531038,-0.009005951308614233,0.012160770998883214,Zahlreiche,3.177604740711006
-6.177697733063882,0.6131147412927342,0.0321579273766425,-0.009289899215639129,0.012916054758461581,Akw,3.1437676769321743
-6.177697733063882,0.6131147412927342,0.0321579273766425,-0.009289899215639129,0.012916054758461581,zahlreich+e akw,3.1437676769321743
-6.188053237457494,0.6185808803590336,0.035153207437344514,-0.009387901036887414,0.013176952171457507,arbeiten,3.132259339185193
-6.188053237457494,0.6185808803590336,0.035153207437344514,-0.009387901036887414,0.013176952171457507,akw arbeit+en,3.132259339185193
-6.132361001961408,0.589185164804851,0.0192019834980858,-0.008869268963661137,0.011797544291406614,arbeit+en groß,3.194160172087477
-6.110260203125073,0.5775209628254869,0.012977519523680231,-0.008669079114776889,0.011265953862129169,steht,3.2187304605597262
-6.110260203125073,0.5775209628254869,0.012977519523680231,-0.008669079114776889,0.011265953862129169,groß steh+t,3.2187304605597262
-6.049408061840982,0.5454093916869165,-0.003860500932043834,-0.008133728476606733,0.009846778707224918,Wiederinbetriebnahme,3.2863976672963915
-6.049408061840982,0.5454093916869165,-0.003860500932043834,-0.008133728476606733,0.009846778707224918,steh+t wiederinbetriebnahme,3.2863976672963915
-5.950391651927875,0.4931771598689416,-0.030354271227125695,-0.007309807902478916,0.007669768456014726,Das,3.3965481331423866
-5.929104045743111,0.48195134042727017,-0.035909602125813844,-0.007139924094087639,0.007222014738699586,Kashiwazaki-Kariwa-Akw,3.4202361033300126
-5.929104045743111,0.48195134042727017,-0.035909602125813844,-0.007139924094087639,0.007222014738699586,der kashiwazaki-kariwa-akw,3.4202361033300126
-5.7775549197755485,0.40207829557484387,-0.07410229573267141,-0.005999351371416068,0.0042264839833763,ging,3.5889334849430123
-5.7775549197755485,0.40207829557484387,-0.07410229573267141,-0.005999351371416068,0.0042264839833763,kashiwazaki-kariwa-akw geh,3.5889334849430123
-5.735776473816342,0.3800746854565118,-0.08423127201113934,-0.00570497236259937,0.003456512432983297,geh 2011,3.635455946107606
-5.649022972405595,0.3344076548476447,-0.10474323972452047,-0.005119414066912055,0.0019291003962761538,2011 netz,3.732080587541462
-5.56829949859266,0.29194537800563536,-0.12322370345721657,-0.00460414155025941,0.0005898800742961813,Foto,3.822011214217784
-5.48675039864473,0.24908038718835313,-0.14132854805893444,-0.004110829949394344,-0.0006876908704735729,picture,3.912880911432019
-5.48675039864473,0.24908038718835313,-0.14132854805893444,-0.004110829949394344,-0.0006876908704735729,foto picture,3.912880911432019
-5.353515428476969,0.17911916251406823,-0.16975419937611907,-0.003359730506259165,-0.002623497197537558,alliance,4.061380196153104
-5.353515428476969,0.17911916251406823,-0.16975419937611907,-0.003359730506259165,-0.002623497197537558,picture alliance,4.061380196153104
-5.097490616158831,0.044943105411903383,-0.2206898669346613,-0.0020880961362638104,-0.0058709451922978745,ASSOCIATED,4.3468386956833704
-5.097490616158831,0.044943105411903383,-0.2206898669346613,-0.0020880961362638104,-0.0058709451922978745,alliance associated,4.3468386956833704
-4.669465059163165,-0.17857862231446964,-0.2964352876509658,-0.000386180039653166,-0.010139213439226316,PRESS,4.824275856805111
-4.669465059163165,-0.17857862231446964,-0.2964352876509658,-0.000386180039653166,-0.010139213439226316,associated press,4.824275856805111
-4.07497996756933,-0.4873959056960051,-0.38568962570183574,0.0012901707658550012,-0.01419795636134051,press nach,5.487610918092492
-5.950391651927875,0.4931771598689416,-0.030354271227125695,-0.007309807902478916,0.007669768456014726,+1715,3.3965481331423866
-5.950391651927875,0.4931771598689416,-0.030354271227125695,-0.007309807902478916,0.007669768456014726,seit +1715,3.3965481331423866
-5.980205123404481,0.5089013012600319,-0.022491616762698036,-0.007551961965775497,0.008308675840108054,+1715 chars,3.3633767541064237
-6.1135122835671,0.5792372739991651,0.013889734170136198,-0.008698340489337653,0.01134362522631975,Einfach,3.2151148052440557
-6.0865374947338395,0.5650016728958347,0.00636148693432427,-0.008457648138079227,0.010705042152924393,Essen,3.245107305374401
-6.0865374947338395,0.5650016728958347,0.00636148693432427,-0.008457648138079227,0.010705042152924393,einfach essen,3.245107305374401
-6.0571676047889165,0.5495036695626325,-0.0017375060181139684,-0.00820072796737039,0.010024194006550635,essen der,3.277767876199796
-6.041468706726565,0.5412203769128856,-0.006025512623143464,-0.008065551758331551,0.009666304387316554,Genusskolumne,3.295227795895956
-6.041468706726565,0.5412203769128856,-0.006025512623143464,-0.008065551758331551,0.009666304387316554,der genusskolumn+e,3.295227795895956
-5.975400865213043,0.5063672785173525,-0.023765196720148332,-0.007512602390265251,0.008204774826829284,Wieso,3.3687218103492986
-5.975400865213043,0.5063672785173525,-0.023765196720148332,-0.007512602390265251,0.008204774826829284,genusskolumn+e wieso,3.3687218103492986
-5.9451814467132245,0.49042947785316593,-0.03171844951830806,-0.007267997985626391,0.007559535760994281,paniertes,3.402345627952134
-5.9451814467132245,0.49042947785316593,-0.03171844951830806,-0.007267997985626391,0.007559535760994281,wieso paniert+es,3.402345627952134
-5.888738546277402,0.46066896622088094,-0.04631168510053863,-0.006824529479626397,0.006391804112910293,Schweineschnitzel,3.465159144342462
-5.888738546277402,0.46066896622088094,-0.04631168510053863,-0.006824529479626397,0.006391804112910293,paniert+es schwein+e+schnitzel,3.465159144342462
-5.726920511874791,0.37541141471372375,-0.08635707361456563,-0.005643626663593991,0.003296230550900385,dunkler,3.6453183570970173
-5.726920511874791,0.37541141471372375,-0.08635707361456563,-0.005643626663593991,0.003296230550900385,schwein+e+schnitzel dunkel+er,3.6453183570970173
-5.649022972405595,0.3344076548476447,-0.10474323972452047,-0.005119414066912055,0.0019291003962761538,Curry-Sauce,3.732080587541462
-5.649022972405595,0.3344076548476447,-0.10474323972452047,-0.005119414066912055,0.0019291003962761538,dunkel+er curry+-+sauce,3.732080587541462
-5.456414775359534,0.23314332402025006,-0.1479238763066508,-0.0039339878409253085,-0.0011445207355490067,gut,3.9466882380004975
-5.456414775359534,0.23314332402025006,-0.1479238763066508,-0.0039339878409253085,-0.0011445207355490067,curry+-+sauce gut,3.9466882380004975
-5.390010608562813,0.19827361552643752,-0.16210562088903796,-0.003558978167679555,-0.0021111433247028577,schmeckt,4.020699761630716
-5.390010608562813,0.19827361552643752,-0.16210562088903796,-0.003558978167679555,-0.0021111433247028577,gut schmeck+t,4.020699761630716
-5.203591478780403,0.10050523811430834,-0.20014023746639847,-0.002589382636291458,-0.00459572598102935,Unsere,4.228525894933877
-5.203591478780403,0.10050523811430834,-0.20014023746639847,-0.002589382636291458,-0.00459572598102935,schmeck+t unser+e,4.228525894933877
-5.004468564649778,-0.00371967215463731,-0.23809413379050087,-0.0016763490733450181,-0.006912942790114118,Kolumnistin,4.450581241290239
-5.004468564649778,-0.00371967215463731,-0.23809413379050087,-0.0016763490733450181,-0.006912942790114118,unser+e kolumnist+in,4.450581241290239
-4.422884018023069,-0.3068956956566029,-0.3354813173749102,0.00039441301207975357,-0.012053795820970575,erlebte,5.0993943175901295
-4.422884018023069,-0.3068956956566029,-0.3354813173749102,0.00039441301207975357,-0.012053795820970575,kolumnist+in erleb+te,5.0993943175901295
-1.9541920033775053,-1.5758658381781832,-0.6034414002507855,0.0032511601108732267,-0.017864315025684772,erleb+te tsunami-warnung,7.854150145204961
-4.698305713288164,-0.1647959147648601,-0.29099134111085423,-0.017340073796090927,-0.038143142796442014,tsunami-warnung japan,4.7924712717713875
-5.026082856190446,0.006992762836167898,-0.23369933450139443,-0.012705581139395496,-0.0249216592479244,erst,4.426620296867254
-5.026082856190446,0.006992762836167898,-0.23369933450139443,-0.012705581139395496,-0.0249216592479244,japan erst,4.426620296867254
-5.2664595302022725,0.13313085058336394,-0.18732912011833514,-0.010588657889348364,-0.016570822674648288,Currygericht,4.1584940723152375
-5.2664595302022725,0.13313085058336394,-0.18732912011833514,-0.010588657889348364,-0.016570822674648288,erst curry+gericht,4.1584940723152375
-5.497892460288452,0.25476204096925015,-0.13871176225277404,-0.009435643266106353,-0.00922953537225557,spendete,3.9004860545471733
-5.497892460288452,0.25476204096925015,-0.13871176225277404,-0.009435643266106353,-0.00922953537225557,curry+gericht spend+ete,3.9004860545471733
-5.657330364243133,0.3386721260818948,-0.10268067061319835,-0.009102895099471736,-0.00442058373891141,später,3.72283349639688
-5.657330364243133,0.3386721260818948,-0.10268067061319835,-0.009102895099471736,-0.00442058373891141,spend+ete spät+er,3.72283349639688
-5.725125725889102,0.3743803055028396,-0.08667592824922928,-0.009069835860389897,-0.0024114624136295087,Trost,3.6473196773586816
-5.725125725889102,0.3743803055028396,-0.08667592824922928,-0.009069835860389897,-0.0024114624136295087,spät+er trost,3.6473196773586816
-5.806872666487482,0.4174581735005296,-0.06680100038036613,-0.009113787287719118,-3.5845967232411846e-06,verbindet,3.556289642843748
-5.899654489519429,0.46637720020181495,-0.04344078791107994,-0.009272959521551709,0.0027242064615705802,Seele,3.4530062938840507
-5.899654489519429,0.46637720020181495,-0.04344078791107994,-0.009272959521551709,0.0027242064615705802,verbind+et seele,3.4530062938840507
-5.933596726297469,0.484279495283334,-0.03467240263379484,-0.009359910856811648,0.003724086985565235,seele japan+s,3.4152323465855745
-6.015782180786655,0.5276391565352183,-0.012924989863492387,-0.009633696313147776,0.006157136189410772,österreichischen,3.3237934511138896
-6.015782180786655,0.5276391565352183,-0.012924989863492387,-0.009633696313147776,0.006157136189410772,japan+s österreichisch+en,3.3237934511138896
-6.082437124895664,0.5628159203946383,0.0052712349422941035,-0.00992122484008294,0.008150052830391358,Klassiker,3.2496612143705628
-6.082437124895664,0.5628159203946383,0.0052712349422941035,-0.00992122484008294,0.008150052830391358,österreichisch+en klassiker,3.2496612143705628
-6.119423540505873,0.5823385257717895,0.015592991449587312,-0.010106023234798527,0.009266398828594091,Zugang,3.208537268353298
-6.149706298813173,0.5983240450797334,0.024167065270161853,-0.010270747500648943,0.010187134936505374,stern+statt,3.174873434574339
-6.149706298813173,0.5983240450797334,0.024167065270161853,-0.010270747500648943,0.010187134936505374,zugang stern+statt,3.174873434574339
-6.182529023543729,0.6156513485607487,0.03358834272904798,-0.010462946319165334,0.011192834610466842,"11,96",3.138393018431672
-6.182529023543729,0.6156513485607487,0.03358834272904798,-0.010462946319165334,0.011192834610466842,"stern+statt 11,96",3.138393018431672
-6.247385511954904,0.6498910352533345,0.05260786572497106,-0.010884597012535375,0.01320735742258411,Alles,3.0663317327226163
-6.247385511954904,0.6498910352533345,0.05260786572497106,-0.010884597012535375,0.01320735742258411,"11,96 alle+s",3.0663317327226163
-6.149706298813173,0.5983240450797334,0.024167065270161853,-0.010270747500648943,0.010187134936505374,stern+,3.174873434574339
-6.149706298813173,0.5983240450797334,0.024167065270161853,-0.010270747500648943,0.010187134936505374,alle+s stern+,3.174873434574339
-6.287792495809238,0.671222965739495,0.0647372011897697,-0.0111755146039541,0.01448350296570794,erstklassigen,3.021452268243102
-6.287792495809238,0.671222965739495,0.0647372011897697,-0.0111755146039541,0.01448350296570794,stern+ erstklassig+en,3.021452268243102
-6.311701406223108,0.6838446314019955,0.07201844174950611,-0.011357901534183836,0.015247169231944122,Inhalten,2.9949032385209127
-6.311701406223108,0.6838446314019955,0.07201844174950611,-0.011357901534183836,0.015247169231944122,erstklassig+en inhalt+en,2.9949032385209127
-6.332086761871074,0.6946057165395689,0.07828910826499222,-0.011519451007128399,0.015903703059559765,GEO,2.9722706792953826
-6.332086761871074,0.6946057165395689,0.07828910826499222,-0.011519451007128399,0.015903703059559765,inhalt+en geo,2.9722706792953826
-6.343862126288269,0.700821479306077,0.08193785371867524,-0.011615309158203153,0.016285320466048747,Capital,2.9591988953152737
-6.343862126288269,0.700821479306077,0.08193785371867524,-0.011615309158203153,0.016285320466048747,geo capital,2.9591988953152737
-6.355105076791652,0.7067559979784455,0.08543997216918586,-0.01170857359785428,0.016651366843760035,capital /li,2.946719294976527
-6.36846943079343,0.7138099943538634,0.08962642064974882,-0.011821652069959478,0.017088683875385535,Wochen,2.931886442960581
-6.36846943079343,0.7138099943538634,0.08962642064974882,-0.011821652069959478,0.017088683875385535,/li woche+n,2.931886442960581
-6.377402593724758,0.7185249163083427,0.09243914331545994,-0.011898582337342409,0.017382370112400847,testen,2.9219726078513566
-6.377402593724758,0.7185249163083427,0.09243914331545994,-0.011898582337342409,0.017382370112400847,woche+n test+en,2.9219726078513566
-6.393149612414934,0.7268357654809159,0.09742559161991696,-0.012036822314202784,0.017902820227831767,"2,99",2.904498727443552
-6.393149612414934,0.7268357654809159,0.09742559161991696,-0.012036822314202784,0.017902820227831767,"test+en 2,99",2.904498727443552
-6.36846943079343,0.7138099943538634,0.08962642064974882,-0.011821652069959478,0.017088683875385535,Woche,2.931886442960581
-6.36846943079343,0.7138099943538634,0.08962642064974882,-0.011821652069959478,0.017088683875385535,"2,99 woche",2.931886442960581
-6.355105076791652,0.7067559979784455,0.08543997216918586,-0.01170857359785428,0.016651366843760035,woche /li,2.946719294976527
-6.418630483612924,0.7402825696409006,0.10557179988742618,-0.01226764738003807,0.018752708966037937,jederzeit,2.8762286197568825
-6.418630483612924,0.7402825696409006,0.10557179988742618,-0.01226764738003807,0.018752708966037937,/li jederzeit,2.8762286197568825
-6.428872619975753,0.7456870505482118,0.10887351928916625,-0.012362921694943532,0.019097121721965954,kündbar,2.8648671497808724
-6.428872619975753,0.7456870505482118,0.10887351928916625,-0.012362921694943532,0.019097121721965954,jederzeit künd+bar,2.8648671497808724
-6.355105076791652,0.7067559979784455,0.08543997216918586,-0.01170857359785428,0.016651366843760035,künd+bar /li,2.946719294976527
-6.441515227484131,0.7523577382183106,0.11297093541518974,-0.012482504120416744,0.019524546214292976,/ul,2.8508443355672632
-6.441515227484131,0.7523577382183106,0.11297093541518974,-0.012482504120416744,0.019524546214292976,/li /ul,2.8508443355672632
